first_name,gender
etentuk,
chiraz,female
phily,male
lazhar,male
reemah,female
svet,female
marton,male
ilyass,male
soren,male
navraj,male
lukian,male
azi,male
bielenis,female
kaustav,male
bainy,male
abi,female
edvarts,male
jogundas,male
ignacio,male
shav,male
bardiya,male
raghav,male
joerg,male
nischal,male
sriram,male
jemish,male
timothe,male
saurabh,male
aureline,female
gaurasundar,male
nicholas,male
vassilis,male
kynan,male
souhil,male
jarrad,male
idzwan,male
usevalad,male
berhan,male
marison,female
yurena,female
xile,female
xingyu,male
thanos,male
sylvan,male
arindam,male
sandipan,male
hoel,male
pranay,male
ravina,female
​mardit,
elgar,male
nikke,male
siew,female
lav,male
milos,male
zarko,male
zhenzhong,male
human,male
ygor,male
ozrenko,male
stanisa,male
blaz,male
dr.,
murodzhon,male
kumeshnee,female
prof.,
houman,male
vc,male
naïk,female
joao,male
sandor,male
eliott,male
anurag,male
dhionis,male
klajd,male
mr.,
benoit,male
emeka,male
dr,
siavosh,male
gnanli,
linling,female
francois,male
nikoline,female
vitalik,male
fajer,female
bastjan,male
andras,male
d.p.,male
karthiga,female
sothy,male
ketevani,female
jiir,male
jurgens,male
wailea,male
fardad,male
jeyran,female
brij,male
olgaç,male
moshe,male
wayman,male
lyesse,male
aghil,male
medha,female
iselin,female
j.,male
adriele,female
sélim,male
chalid,male
lewys,male
nicolas,male
heiri,male
bartlomiej,male
raeffaele,
mohd,male
pirouz,male
shakeeb,male
gavrilo,male
juergen,male
ugur,male
jinesh,male
christian,male
shihao,male
dirk​,
andreass,male
dusan,male
janer,male
dovydas,male
stenver,male
karoli,female
prashanth,male
xx,male
rutmar,male
farokh,male
noosh,female
nemailla,
gholamreza,male
kentti,male
djordje,male
ataberk,male
bartek,male
ogulcan,male
criss,female
joonatan,male
deepansh,male
valjo,male
ranno,male
haver,male
timmu,male
cagri,male
goksen,female
aravind,male
vishal,male
erce,male
ertug,male
sanad,male
kair,male
ricko,male
kwun,male
bundeep,
arnet,male
gustas,male
volli,male
stephane,male
marco,male
junyi,male
songbo,male
ermia,female
partel,male
ragmar,male
razvan,male
tonu,male
pinar,female
akhilesh,male
ingel,female
siddharth,male
lemmo,male
tukei,male
kusti,male
jaskanwar,male
sujith,male
animesh,male
nikhita,female
pranav,male
ulane,female
taaniel,male
taago,male
nadeera,female
pylyp,male
priyabrat,male
jefim,male
blazej,male
slawomir,male
jaroslaw,male
dhruv,male
wojtek,male
mirek,male
taranveer,male
lukasz,male
antek,male
abhishek,male
jędrzej,male
taisa,female
kuba,male
piotrek,male
okura,female
tomek,male
miroslaw,male
maciek,male
zain,male
ayrat,male
radoslaw,male
milosz,male
deepjyoti,male
sauvik,male
przemyslaw,male
ramez,male
martins,male
klem,male
miroslawa,female
patryl,male
sławek,male
sasa,male
malgorzata,female
behind,male
mariia,female
herve,male
come,male
loic,male
timothee,male
anais,female
ardavan,male
bola,male
alvyn,male
jérôme,male
yanis,male
marieve,female
idir,male
bahaaldine,male
abdelhak,male
laurent,male
aylic,male
mokrane,male
seraphin,male
nathanaël,male
maelle,female
arshia,male
mikhaylova,female
sidarth,male
gregoire,male
abdulhamid,male
cossi,male
théobald,male
fivos,male
mederic,male
raion,male
soufiane,male
f.l.,male
theophile,male
gwennael,male
badis,male
ladislas,male
rhai,female
zobair,male
erfane,female
ouriel,male
amirhossein,male
riwan,male
celine,female
guénaël,male
anji,female
huseyin,male
phd,male
lionel,male
ronel,male
prateek,male
polexandre,
nor,female
areeba,female
salmen,male
machavia,
thibauld,male
eloa,female
laszlo,male
kévin,male
juanjo,male
mariek,female
chouaib,male
samed,male
tierno,male
como,male
jitendra,male
chanez,female
solal,male
abou,male
nejma,female
akpeli,male
gaurav,male
sawsen,female
hacène,male
maryame,female
hyojeong,female
yohan,male
combes,male
idriss,male
jessym,male
eugy,female
yacin,male
éric,male
yejun,male
yingfeng,male
wuhrlin,
othmane,male
ylan,male
f.,male
gaelle,female
abdelhadi,male
hardik,male
densen,male
wilder,male
joackim,male
fayçal,male
bekale,male
serigne,male
siamak,male
oury,male
maryne,female
ouajdi,male
duminda,male
amadi,male
chimere,male
racine,male
amjed,male
jagan,male
srimanth,male
ritchy,male
victor,male
abdelkader,male
avidan,male
edem,male
farid,male
boisserie,male
göknur,female
alain,male
meriadec,male
arbia,female
chiwon,male
baulieu,male
leandre,male
pablos,male
eiso,female
irwan,male
laurant,male
nurra,female
ghjuvan,male
jerrmy,male
zahreddine,male
réda,male
susruth,male
tiantian,female
biro,male
donae,female
hovik,male
janos,male
balazs,male
istvan,male
máté,male
zoltan,male
gabor,male
akos,male
lévay,male
dorka,female
balint,male
arpad,male
karoly,male
miklos,male
baranyi,male
csapo,female
reka,female
szilard,male
abris,male
gergo,male
kalman,male
szucsányi,female
dombi,male
zalan,male
pahor,male
milán,male
bordi,male
ringhoffer,male
szabó,male
ivett,female
jozsef,male
matyas,male
mészáros,male
(),
zoard,male
kindl,male
kiss,female
zahorecz,male
gyorgyi,female
dorogi,male
zsombor,male
gógl,male
mihaly,male
lorinc,male
essio,male
haïkel,male
brijesh,male
adli,male
theos,male
édouard,male
khaldon,male
wissem,male
brivael,male
laodis,male
titouan,male
séraphie,female
wuillaume,female
hajer,female
chalom,male
rhushik,
nassreddine,male
mariem,female
iheb,male
fariha,female
moustapha,male
eymeric,male
imen,female
mouli,male
shams,male
clemence,female
efounders,
aritz,male
sohaïb,male
louis,male
noyan,male
bereme,
keylany,female
rabah,male
nejib,male
adnane,male
iliès,male
euryale,female
panji,male
ibrahima,male
corto,male
saïd,male
mimoun,male
oyvind,male
j,male
asem,male
vitor,male
jd,male
eteri,female
alysson,female
goncalo,male
hélder,male
t.,male
jeferson,male
dami,female
djalmo,male
thiago,male
sisnando,male
vova,male
naiem,male
kiruba,male
sílvia,female
ruca,male
rúben,male
aytea,female
hrishikesh,male
madhava,male
saravanan,male
shameek,male
devdatt,male
fábio,male
trued,female
shahan,male
ermias,male
seif,male
jr,
shwan,male
orjan,male
tanmoy,male
rishabh,male
ramkumar,male
yubin,female
lamin,male
suwar,male
sorosh,male
astyanax,male
nelida,female
rajet,female
par,female
shamon,male
meysam,male
alek,male
pavan,male
öjje,male
jonatan,male
kloce,male
prasanth,male
pouria,male
marguérite,female
relox,male
siam,male
nevyn,male
yaou,male
gajane,female
nabaz,male
qilin,male
raiha,female
givar,male
charisma,female
tengblad,male
mattis,male
jp,male
rang,male
hemad,male
dimitrij,male
lollo,male
kgalaletso,female
guha,male
pedram,male
sukesh,male
or,male
jaclyne,female
ylvali,female
berner,male
fritjof,male
vytis,male
gabrielius,male
dragos,male
vykintas,male
kestutis,male
jb,male
naglis,male
ugnė,female
klaudijus,male
arunas,male
adrijus,male
vachtangas,
ugnius,male
gadji,male
honza,male
matouš,male
akvile,female
danute,female
leva,female
sarunas,male
zilvinas,male
mante,female
tautvilas,male
gabija,female
dom,male
benas,male
emilis,male
illia,female
aismantas,male
mangirdas,male
ronaldas,male
joaquin,male
inaki,male
bosco,male
diliara,female
iñigo,male
sanitha,female
juanlu,male
naqqash,male
màrius,male
eudald,male
mouloukou,male
nkiru,female
josemaría,male
yele,female
kàstor,male
àlex,male
arnau,male
trip,male
bernat,male
ak,male
stvn,male
bachana,male
trym,male
marçal,male
ilgiz,male
giovana,female
javi,male
adrià,male
fàtima,female
aironas,male
avencia,female
babasola,male
simisoluwa,female
sofowora,male
mencey,male
suhas,male
inhar,male
maanas,male
liesner,male
bhishma,male
prageet,male
belen,female
sançar,male
juanfra,male
martí,male
kiko,male
lluís,male
danae,female
agus,male
maithili,female
alaska,female
grisel,female
jormar,male
hosam,male
daimon,male
waina,female
aleix,male
esteve,male
martxel,male
stevens,male
vignesh,male
maria,female
ugaitz,male
ziyu,female
nitish,male
akin,male
nisarg,male
fauzan,male
darran,male
sj,male
jiameng,female
sammi,female
rowina,female
raunaq,male
digby,male
kyriacos,male
lode,male
xose,male
ruizhi,male
janosch,male
prafull,male
hamzah,male
elran,male
sahin,male
tt,male
linden,male
varun,male
matiss,male
romanie,female
sharmadean,female
brie,female
ishaan,male
dev,male
aayush,male
yashvardhan,male
shaw,male
neciah,female
avinav,male
crumpet,female
nishant,male
nii,male
shib,male
shama,female
inty,male
gediz,male
gokhan,male
arsalan,male
vamsi,male
abhinav,male
moez,male
zarja,female
longfang,female
khing,male
vibhor,male
muhsen,male
xenios,male
tashia,female
daven,male
j.d.,male
deqian,male
abheer,male
geryn,male
keelan,male
persio,male
prithvi,male
dann,male
nishil,male
mitul,male
govin,male
himanshu,male
mahiben,
huss,male
kuvera,male
timor,male
dongho,male
segev,male
hanme,female
parikshat,male
mikus,male
omry,male
iggy,male
srikant,male
sakeeb,male
orr,male
toreson,
roi,male
rajeeb,male
irra,male
mursal,male
prask,male
adit,male
ry,male
barny,male
razwan,male
nirmesh,male
irfon,male
krasina,female
devika,female
naushard,male
prasanna,male
mujavid,male
zubair,male
rotimi,male
cédrid,male
vishnu,male
raza,male
jag,male
azahara,female
shravane,male
mayank,male
lanre,male
ash,male
creeshla,
ariya,male
jevan,male
sojin,female
xen,male
florents,male
sheenu,female
orat,female
adedayo,male
adeola,female
kehinde,male
molawa,male
taryl,male
divyansh,male
shaolin,male
daglar,male
yazan,male
meha,female
blai,male
rank,male
chlump,
puli,male
smeeta,female
jeevan,male
ales,male
finian,male
abduljalil,male
azuolas,male
mas,male
chinedum,male
shammi,male
dannan,female
jedrzej,male
shabs,male
m,male
sanmi,male
kiriakos,male
panayotis,male
yiannis,male
electra,female
geroge,male
fanis,male
orestis,male
yiorgos,male
afrodite,female
lambros,male
tria,female
sotiris,male
valentinos,male
isiodos,male
chronis,male
mihalis,male
cristobal,male
adeyemi,male
damià,male
pep,male
inigo,male
lupina,female
chema,male
joseluis,male
jochi,male
goiko,male
edu,male
loly,female
bharath,male
brais,male
maurici,male
aureli,female
immaculada,female
jeanmatthieu,
banafshe,female
lidon,female
xiaolei,male
jiaqi,female
gonz,male
leyre,female
yéssica,female
nono,male
m.,male
tabaré,male
cristan,male
juanma,male
marí­a,female
nahuel,male
lavin,male
hernan,male
amadis,female
estefanía,female
ximo,male
demian,male
susagna,female
lakil,male
montaña,female
angeles,female
izanami,female
marzban,male
lago,male
wessley,male
quim,male
néstor,male
hasham,male
harán,male
josias,male
joima,female
santanu,male
xisco,male
dhiren,male
goyo,male
casilda,female
axier,male
razary,
shub,male
portman,male
ruari,male
sanj,male
tuhin,male
bulent,male
muhunthan,male
cheerag,male
nishith,male
florus,male
akintomide,male
atsuhiro,male
yanki,male
anish,male
neeral,male
baybars,male
fezal,male
matheus,male
bhavin,male
rooz,female
tash,female
jacobi,male
youngjun,male
reimell,
romill,male
uzma,female
dashiel,male
armaan,male
shardi,female
rajik,male
siddhartha,male
kunal,male
ritesh,male
mehul,male
resit,male
mithi,female
ved,male
jossy,female
blazo,male
djuro,male
annil,female
muayyad,male
vidur,male
lotanna,male
siadhal,
rahil,male
rónán,male
cinar,male
tongtong,female
yingjun,male
yanwen,female
dzera,female
kingsly,male
mitali,female
roie,male
rohit,male
billy,male
urenna,female
taimur,male
gin,female
qiaojia,female
françois,male
jackeline,female
phill,male
nev,female
korede,male
tola,female
tosin,male
kaivan,male
allamdeep,
saravana,male
misrab,male
moubin,male
mohamedali,male
masitano,
aela,female
faraz,male
pahini,female
pandu,male
sharath,male
arfa,female
nadal,male
viktoriia,female
boguslaw,male
charkrid,
charm,female
shinnapat,male
álex,male
raycho,male
buchi,male
primoz,male
lovrenc,male
remy,male
joze,male
onyeka,male
matjaz,male
gorjan,male
satchel,male
volen,male
roq,male
goryan,male
arnab,male
travin,male
christo,male
asparuh,male
tsvetan,male
murry,male
tzvetko,male
den,male
kaloian,male
tamara,female
yonko,male
ziga,male
boicho,male
valérian,male
deni,male
nickolay,male
eliya,female
srdjan,male
max,male
tomaz,male
divjak,female
ilko,male
nebojsa,male
buryan,female
ghcghc,female
marusa,female
andraz,male
bostjan,male
zedin,male
dusko,male
aljosa,male
serg,male
slavy,male
dimiter,male
ket,female
agbona,male
joha,female
jurie,female
matevz,male
drazen,male
teodosy,
tsvetomir,male
snizhana,female
xiangting（相婷）,
boian,male
sadra,female
napala,female
ambarish,male
mikela,female
flinn,male
insiya,female
quin,male
jinden,male
jem,male
roheet,male
jezen,male
hon,
dapeng,male
mehak,female
chamat,male
praful,male
vishesh,male
eshita,female
heinin,female
siddhi,female
gedis,male
botty,male
maleakhi,male
chetan,male
deshawn,male
rajpal,male
qingchen,male
gautham,male
xav,male
dei,male
ayushman,male
prof,
ashby,male
toyeeb,male
canay,female
mandana,female
anmol,male
yoge,male
liad,male
vikrant,male
chess,male
nadiur,male
rozalie,female
shanil,female
trishna,female
kellyann,female
areeb,male
daeng,male
geouffrey,
asfand,male
mankaran,male
wevee,female
chunxiao,female
yibin,male
kir,male
guenther,male
suezann,female
faraan,male
vann,male
mooktakim,
valleesh,
dongli,female
sakthy,female
koosha,male
sandip,male
zhong,male
oluwatimilehin,male
firdavs,male
dhiraj,male
vasantharaj,male
sekip,male
shoniwa,male
markkus,male
diwaker,male
ayoola,female
ahsan,male
shumail,male
mercurius,male
ajwad,male
gokulan,male
zaffrin,female
atiqah,female
yigit,male
beatirce,female
parth,male
rishi,male
basak,female
yaseer,male
jaishree,female
jonty,male
krishani,female
ambuj,male
shiti,female
gokce,female
ankur,male
jaisekhar,
bakul,male
bader,male
nyasha,female
jonata,male
braghin,female
maicol,male
yuxin,female
edvaldo,male
fabrizio,male
verando,male
ousmane,male
simonluca,male
guidalberto,male
mattiarmando,
oslavia,female
juxhin,male
aleksandra,female
massimo,male
disheng,male
lorenzo,male
gaja,female
pierguido,male
f,male
jossi,male
fabio,male
procolo,male
bonora,male
gaddo,male
walfredo,male
raffaello,male
fagnani,male
audiencerate,
erica,female
justine,female
abhik,male
imanuel,male
paky,male
pierfilippo,male
stanil,male
sem,male
fulton,male
farlan,male
antton,male
suryansh,male
daghan,male
saasha,female
jiri,male
marketa,female
valeriia,female
tugce,female
uzair,male
tanvi,female
kimeshan,male
andry,male
joyeeta,female
taymoor,male
agathoniki,female
kumardev,male
benjy,male
jeet,male
raghu,male
gummi,male
solberg,male
lord,male
ozkan,male
bolinas,female
curran,male
ellenor,female
sigurdur,male
ofri,female
giovani,male
jergan,male
haikal,male
berker,male
kadem,male
omair,male
chitresh,male
rider,male
tarryn,female
brijitte,female
peiman,male
olusola,male
chongsu,male
suleman,male
abake,female
ashwin,male
zee,female
triam,male
sugavin,
rockwell,male
yiheng,male
jaanis,male
aamar,male
kalbir,male
kush,male
hawaa,female
kresimir,male
nav,male
laís,female
nash,male
gyan,male
nimalesh,male
zhaoqian,female
andreiko,male
sundar,male
naikee,female
tzachi,male
prathap,male
ver,female
bhumika,female
ayisha,female
aj,male
mikaël,male
haroen,male
korneel,male
qixian,male
renauld,male
soeren,male
wiljan,male
batist,male
frie,female
brik,male
kristoff,male
noman,male
yoran,male
wiro,male
bavo,male
django,male
benjamien,male
englebert,male
manush,male
jencey,female
ashesh,male
kempen,male
zineddine,male
jennick,female
rees,male
quantin,male
baudechon,
bindels,male
gaziano,male
bregt,male
sitti,female
abakar,male
phelim,male
djalal,male
charaka,male
shanshan,female
soumyadip,male
pruthvikar,male
tushar,male
oluwaseyi,male
mayur,male
tianxiang,male
rezaah,male
faii,female
isambard,male
murshid,male
tripty,female
nakul,male
pilgrim,male
steve,male
alesis,male
rael,male
aneeqa,female
tongyun,female
zhuoqun,female
tolulope,female
hadeel,female
singe,male
mairtin,male
fatou,female
yodit,female
mutaz,male
dhrupad,male
shashank,male
nitin,male
hagan,male
asima,female
weerada,female
kenges,male
vasanth,male
ric,male
llya,female
atholl,male
wossen,male
shami,female
nyasinga,
sagini,female
linisha,female
st.,
samiya,female
anx,male
nishal,male
charmain,female
owais,male
sampson,male
kubi,male
zhanfeng,male
lazarus,male
krupa,female
mitesh,male
nimesh,male
kaz,male
avin,female
gorkem,male
orfeas,male
corbyn,male
parham,male
indy,female
cagatay,male
guc,male
danish,male
sarath,male
gintare,female
dawid,male
sinead,female
mariaq,female
kiefer,male
perri,female
moz,male
sadaqat,male
saduf,female
ilyanna,female
calan,male
joban,male
zehan,male
nicko,male
azadi,male
sharmita,female
prabodh,male
amman,male
tielman,male
bohus,male
bejay,male
veejay,male
indre,female
ilyan,male
phelecia,female
zakkiyah,female
matus,male
yassaman,female
ludovit,male
eliska,female
premysl,male
armins,male
pocholo,male
sreenadh,male
zvezdin,male
aniruddha,male
virraj,male
rafe,male
rastiningdyah,female
rajarshi,male
niccolo,male
saurav,male
perran,female
rinesh,male
ishani,female
chintan,male
harit,male
tughrul,male
andersen,male
cj,male
vinit,male
arokia,male
sb,male
roan,male
vashi,male
vit,male
shisong,male
pourya,male
randhir,male
naimish,male
aran,male
korawad,male
touchapon,male
floss,female
akshay,male
ludre,male
maulik,male
ruchit,male
conno,male
pana,male
essa,male
rossi,male
zöe,female
sulka,female
yane,female
odera,male
nilesh,male
elizabetta,female
sanjit,male
vimal,male
hemang,male
kevin,male
sejdinovic,male
mayel,male
hermione,female
sechaba,male
dihan,male
ingmaras,
nithin,male
rockman,male
azarias,male
colena,female
cheyne,male
morgaine,female
tarko,male
avid,male
kiyan,male
sridhar,male
fi,female
farleigh,female
analia,female
abs,male
kahin,male
ankush,male
arush,male
sonu,male
atal,male
shash,male
raphaelle,female
kosima,female
unnamed,male
bertty,female
davul,male
franziskos,
hidero,male
di,male
fayelle,female
cagdas,male
tymon,male
dāvis,male
jekabs,male
girts,male
evalds,male
karlis,male
illimar,male
matijs,male
sigvards,male
ayush,male
sidhant,male
marcis,male
eldars,male
alex,male
vjaceslav,male
gunars,male
kristers,male
meriwether,female
murvah,
harjas,male
arya,male
peda,male
yishu,female
vaysh,female
pratik,male
dalraj,male
karishma,female
roujia,female
shamyl,male
charith,male
issah,male
prodipto,male
gulsah,female
saket,male
aurken,male
dehong,male
anoir,male
sipan,male
ahana,female
biswa,male
mahyad,male
riya,female
ory,male
louwai,male
josephin,female
camin,male
reza,male
vidor,male
binod,male
pravin,male
drishti,female
harman,male
girish,male
vaibhav,male
zareen,female
bertrams,male
gurcan,male
ste,male
sonakshi,female
bankole,male
kaiyang,male
zac,male
nevine,female
simón,male
jialu,female
jiawei,male
abhimnyu,male
amith,male
ravinath,male
marouf,male
erli,female
eissra,female
hery,male
parit,male
nived,male
sreeshyam,male
chuka,male
noorvir,
adeyinka,male
anirudh,male
kalkidan,female
ww,male
akis,male
ehab,male
theso,male
sumanta,male
nnamdi,male
shiladitya,male
satyen,male
kasparas,male
stevi,female
peony,female
reeva,female
yudí,female
xiaofei,female
jarryl,male
gyve,male
wenmiao,male
zhicheng,male
xann,female
puneet,male
anam,female
sadiq,male
ishan,male
s.,male
varaidzo,female
adii,male
nilansh,male
lukky,male
yash,male
adaora,female
indranil,male
araxie,female
katee,female
tarig,male
koh,male
xiaoyan,female
narendra,male
raheel,male
tirthraj,male
shivam,male
amol,male
agash,male
charli,male
reef,male
shapna,female
sterghios,male
oladele,male
aneek,male
cristiane,female
pratyay,male
oluwatomi,female
kanwal,female
osajie,male
bimpe,female
hemmel,male
junior,male
gastón,male
drishdey,
utsav,male
amyas,male
babatunde,male
arpit,male
darryll,male
abhyudoy,male
krishna,male
bisola,female
izzy,female
hasam,male
mitravind,
abhi,male
shah,male
limahl,male
algernon,male
sarujan,male
robinson,male
berdia,female
swastik,male
yihang,male
faizan,male
shaheryar,male
irsyad,male
aizar,male
osas,male
shem,male
dewei,male
enki,male
yogi,male
matin,male
navilan,male
omercan,male
dankrad,male
jesaja,male
yuekai,male
zhaopeng,male
naureen,female
talha,male
lubomila,female
dimitry,male
kirthiga,female
reetu,female
ilai,male
sella,female
leitha,female
abdelmalik,male
eythor,male
djef,male
rituraj,male
sujay,male
thani,male
lämmel,female
gandolf,male
manjunath,male
janik,male
nabin,male
ph.d.,male
shivram,male
sabayn,
faebian,male
melikshah,
mengühan,female
kyros,male
saish,male
kurosch,male
sreenivasarao,male
alkje,female
yoanna,female
sir,male
jannai,female
thanuja,female
kwaku,male
mc,male
olmo,male
chaitanya,male
paha,male
eral,male
la,female
teiko,female
appu,male
asfandyar,male
mehemed,male
geza,male
hakam,male
watheq,male
farhoud,male
geeshan,male
ruzin,female
torgen,male
parshin,male
yilmaz,male
dindia,male
maksymilian,male
ramakrishna,male
sveatoslav,male
benriah,female
hannfried,
bjoern,male
nessim,male
irman,male
bazil,male
timko,male
praneel,male
irfaan,male
yixin,female
hongxiao,male
sajagan,male
poh,male
finn​,
chanyu,female
renana,female
artjom,male
gugulethu,female
parsa,male
apoorva,female
shekinah,female
ciarán,male
abdelrahman,male
mohmmed,male
bhairav,male
doychin,male
daire,male
chupi,male
gearoid,male
xuemei,female
kerrill,male
kealan,male
vagan,male
finan,male
yensi,female
jayesh,male
simun,male
micheál,male
ekram,female
séadna,male
freedanz,male
páraic,male
chidananda,male
okjae,
dónal,male
gosia,female
kingston,male
basudev,male
valmiki,male
pali,male
siobhán,female
seanie,male
caomhan,male
hitesh,male
dyaa,male
early,male
lorcan,male
herkko,male
saku,male
niraj,male
sethu,male
ohto,male
ansu,male
jags,male
aamer,male
yichen,female
anttoni,male
joosu,male
pengfei,male
mahmudul,male
otso,male
ruksi,female
iranthi,female
granström,female
surath,male
annastiina,female
kai,male
jasin,male
makaylah,female
bhargav,male
kaapo,male
moaffak,male
yka,female
windi,female
wildan,male
kerkko,male
olusegun,male
omoniyi,male
arttu,male
hateem,male
jasu,male
kasra,male
lennu,female
jufo,male
jugi,male
nad,female
shaohong,male
uula,male
maëva,female
arho,male
vertti,male
wintom,male
iouri,male
joose,male
o.,male
ykä,male
tejesvi,male
mo,male
francescantonio,male
cherian,male
shrestha,male
artjem,male
cs.pinjamduit,
nadiem,male
sharique,male
harsimrat,female
..,
awais,male
jorit,male
jemima,female
‪daniel,
houssem,male
kostya,male
sunkanmi,male
c.,male
rayco,male
lenart,male
yasha,male
adiv,male
kaustubh,male
pouya,male
yogeeta,female
georgis,male
corvin,male
wachtang,male
oguz,male
shir,female
yascha,male
tessia,female
vijayalakshmi,female
armia,male
laibing,female
raphaello,male
calin,male
oktavio,male
sreekrishna,male
sohraab,male
ievgenii,male
nawid,male
naren,male
mich,male
farina,female
rojahn,male
aneesa,female
jaques,male
renfeng,male
denes,male
zhengliang,male
welix,male
weihua,male
parag,male
wolfe,male
hessam,male
bergen,female
mengting,female
niclaus,male
kassian,male
mondrian,male
matthes,male
sathish,male
adwin,male
yasotharan,male
nissène,female
ashlea,female
janes,male
hing,male
sergiej,male
tjasa,female
jarg,male
darjan,male
dorna,female
joern,male
hristiyana,female
joa,female
tameesh,male
gopi,female
santhosh,male
mujtaba,male
behrang,male
cancan,male
gyri,female
evoléna,female
akrem,male
hoss,male
sushel,male
jaschar,male
sohyeon,female
maveen,male
themi,male
m.hossein,male
uirá,male
nimar,male
otrek,male
shayan,male
mohtadi,male
ramtin,male
khaleeq,male
domenik,male
tyll,male
baver,male
nanosch,male
maycon,male
utena,female
richy,male
mexson,male
shuhrat,male
alessa,female
kanran,male
constanca,female
csongor,male
amruth,male
niao,female
prahalad,male
louiser,female
youness,male
amogh,male
namrata,female
avik,male
harsha,male
mihri,female
ropfadzo,female
sonita,female
yamen,male
orcun,male
shaminder,male
mattes,male
nitesh,male
ri,female
sanya,female
jiahao,male
prithveesh,male
anisha,female
royden,male
shantanu,male
madiyar,male
utkarsh,male
maitham,male
shilpika,female
kebbie,female
kunaal,male
cais,male
kelghe,
lerato,female
dame,male
alfie,male
hirsh,male
shôn,male
zeike,male
anj,female
sreenath,male
demiro,male
askhan,male
hasitha,female
rojin,female
vas,male
kinny,male
barnee,male
damodar,male
nabeelah,female
kharis,male
macdonald,male
vatsal,male
niluka,female
miraan,male
atticus,male
dragon,male
n.,male
sanli,male
jamahl,male
aakarsh,male
adhikar,male
carmiña,female
iakov,male
sabi,female
roemie,female
crijn,male
kanter,male
sumeet,male
yeelen,female
zowie,female
jorne,male
gion,male
homam,male
aaike,female
parya,female
bugra,male
dachi,male
arosha,female
mars,male
aakash,male
kshitij,male
digvijay,male
assil,female
jiajun,male
azza,female
krik,male
jothi,female
mehrzad,male
kimo,male
adrik,male
philo,male
joran,male
verya,male
akhil,male
navodit,male
minghai,male
sijbrand,male
mieszko,male
lethabo,female
math,male
jouri,female
jard,male
rochdi,male
tibo,male
madan,male
sandrin,female
bahruz,male
witek,male
dandyano,
claartje,female
reender,male
j'amy,female
damola,male
saheed,male
rusne,female
dundar,male
tey,male
joury,female
jarell,male
stefans,male
viral,male
azman,male
lohith,male
giovanny,male
kiliaan,male
jente,male
ayodeji,male
abhilash,male
cralan,male
wart,male
quint,male
sartou,female
zwier,male
adeel,male
ar,male
mazdak,male
joeran,male
ziuljenas,male
nagim,male
renz,male
romke,male
diam,male
alef,male
ritsaart,male
heico,male
roham,male
pyke,male
vigga,female
cok,male
yori,male
pitu,male
timos,male
renji,male
tanis,female
sidon,male
nanjeh,male
papillon,female
youp,male
kinson,male
lisanne,female
na,female
vaclav,male
ing.,male
bozena,female
tadeas,male
elisey,male
1,male
2,
3,
matěj,male
gurami,male
frantisek,male
sungmin,male
jj,male
​jan,
mikoláš,male
lubos,male
borek,male
aldar,male
vaskar,male
lubomil,male
amish,male
ayushi,female
sambit,male
susant,male
abdullo,male
cedrik,male
allis,female
chinnaian,male
larsen,male
siddhant,male
hayyaan,male
pac,male
kavi,male
‎vlad,
raihan,male
gyorgy,male
szurdi,female
archit,male
doni,male
param,male
ruiying,female
anwesha,female
advait,male
sungjung,male
frey,male
adian,male
shirom,male
vyas,male
agajan,male
moagi,male
zar,male
sarel,male
preethi,female
watson,male
gandharv,male
mahrin,female
peilin,female
zizheng,male
vanusha,female
vipashyana,female
salinna,female
khushi,female
sigve,male
bryton,male
jorgen,male
cuautemoc,male
asmund,male
khaleel,male
ask,male
paal,male
vidhi,female
sondre,male
solvor,female
daro,male
puteri,female
ravn,male
bedeho,male
vetle,male
håken,male
havard,male
charanleen,
oystein,male
lisen,female
navneet,male
davlet,male
iuliia,female
njal,male
hakon,male
krisztian,male
deby,female
parun,male
jinbei,male
hjalte,male
thorbjorn,male
zaedo,male
olafur,male
nishchith,male
junaid,male
nethaji,male
golam,male
sumod,male
zeth,male
gudjon,male
kwadwo,male
malthe,male
palak,female
sumon,male
tibold,male
kare,female
buddhika,male
aske,male
tarang,male
vishwas,male
hamidreza,male
merveille,female
pascar,male
iusef,male
barrington,male
balder,male
anantha,male
hansol,male
clionadh,female
nause,male
idelfonso,male
galaxy,female
moonis,male
t.k.,male
salar,male
diipa,female
md,male
jhonatan,male
soroosh,male
aytac,male
srimannarayana,male
jatin,male
lemar,male
dédé,male
samiar,male
minck,male
rodny,male
thinesh,male
mohit,male
jurryt,male
veroniek,female
curro,male
steye,male
alyea,female
anieke,female
solidity,
borhan,male
.,
ace,male
nikhit,male
michael,male
moazzam,male
reyhood,
domink,male
,
manasi,female
nimisha,female
(ex,
med.,male
christopher,male
samantha,female
josep,male
mattia,male
gerald,male
luka,male
mathias,male
daniel,male
samir,male
dorian,male
felix,male
patrice,female
toni,female
kathleen,female
mike,male
hany,male
ophelia,female
lorenz,male
lukas,male
markus,male
lars,male
christoph,male
eric,male
pascal,male
andreas,male
cristian,male
flavio,male
ben,male
timo,male
yoko,female
omar,male
julian,male
yannik,male
alan,male
karl,male
marc,male
marcel,male
devis,male
melanie,female
philippe,male
thomas,male
alexander,male
giorgio,male
marko,male
carlos,male
sandro,male
stefanos,male
igor,male
matthias,male
kentaro,male
riccardo,male
leila,female
elvis,male
stefan,male
stephan,male
yannick,male
cyril,male
denis,male
leonard,male
gaudenz,male
nico,male
dragan,male
isabella,female
philipp,male
gregory,male
luca,male
hilmar,male
luis,male
florian,male
paulina,female
yannic,male
florent,male
jeremy,male
aziz,male
antoine,male
federico,male
davide,male
greg,male
manuel,male
roger,male
pierre,male
adam,male
antoni,male
birk,male
matthew,male
michal,male
robert,male
aitor,male
donald,male
andrew,male
mikhail,male
catherine,female
adrian,male
awa,female
gianluca,male
vasco,male
maximilian,male
adem,male
gerta,female
waldemar,male
marvin,male
matteo,male
felipe,male
miles,male
emmanuel,male
sofía,female
christophe,male
francine,female
mathieu,male
evan,male
jordi,male
leigh,female
ulrich,male
frederic,male
martin,male
pavol,male
petar,male
andy,male
luc,male
yann,male
andrea,female
oliver,male
jian,male
clément,male
karel,male
roberto,male
yehonatan,male
paul,male
samuel,male
ivan,male
jonas,male
bertil,male
fabien,male
jean,female
claudia,female
dave,male
harry,male
lucas,male
philip,male
ulf,male
patrick,male
david,male
basil,male
elias,male
sebastian,male
marius,male
mina,female
karim,male
nikolay,male
sami,male
julien,male
alexandre,male
wiktor,male
hermann,male
loïc,male
giacomo,male
ning,female
khaled,male
yacine,male
ferdinand,male
mikel,male
leo,male
timothy,male
konstantin,male
nadia,female
aurelien,male
boris,male
mark,male
veselin,male
martijn,male
jorg,male
julius,male
michele,female
adrien,male
carl,male
morgan,male
frank,male
pierrick,male
bertrand,male
lou,female
wen,female
roni,male
jason,male
alessandro,male
iulia,female
manu,male
baptiste,male
enrico,male
amir,male
moustafa,male
lea,female
peter,male
galia,female
guy,male
ana,female
ari,male
jörg,male
sasha,female
slava,male
jakob,male
tim,male
carmine,male
vinzent,male
ahmet,male
ali,male
kazim,male
jess,male
xiang,male
jost,male
ilya,male
connor,male
gorazd,male
duri,male
sophie,female
teresa,female
alexandru,male
krzysztof,male
jovana,female
chester,male
giovanni,male
andri,male
cédric,male
johannes,male
levent,male
ueli,male
paolo,male
milan,male
maurice,male
christina,female
leon,male
michail,male
marcus,male
taha,male
benedikt,male
john,male
maxim,male
dennis,male
manfred,male
lynn,female
ciro,male
tomas,male
hassan,male
hugh,male
aaron,male
benjamin,male
bruno,male
govinda,male
neeraj,male
sotirios,male
anastasia,female
naomi,female
norman,male
bart,male
stavros,male
hans,male
moritz,male
rik,male
andrey,male
husein,male
mohammed,male
amrita,female
eduardo,male
nick,male
esmeralda,female
corne,male
guilhem,male
jose,male
nikolaos,male
adriano,male
douglas,male
ugo,male
jeroen,male
sandeep,male
roman,male
tobias,male
damien,male
tommi,male
justin,male
nagib,male
nathan,male
calogero,male
franco,male
giorgia,female
andrin,male
edouard,male
guillaume,male
serge,male
henri,male
risto,male
jon,male
kaspar,male
angel,male
anton,male
dominik,male
didier,male
florin,male
william,male
antonius,male
fritz,male
vincent,male
henk,male
rico,male
simon,male
dominic,male
tonio,male
claudio,male
nikos,male
sandra,female
semih,male
vladimir,male
anna,female
joscha,male
yolande,female
renaud,male
juan,male
sergei,male
mael,male
friedrich,male
urs,male
dmitry,male
marlene,female
rodrigo,male
francesco,male
silvestro,male
aurelio,male
ladislav,male
rob,male
nino,male
tian,male
ivo,male
damla,female
hugo,male
stefano,male
ramzi,male
jana,female
stéphane,male
bernd,male
gebhard,male
bastian,male
sebastien,male
georg,male
niklas,male
ranjit,male
costas,male
george,male
olivier,male
antonio,male
marcos,male
till,male
danuta,female
ralph,male
reto,male
vinzenz,male
reinhard,male
anand,male
gaetan,male
raphaël,male
alberto,male
jannik,male
mirko,male
aron,male
gianmarco,male
fabian,male
nils,male
sébastien,male
constantin,male
jens,male
nayeli,female
ilias,male
bogdan,male
filip,male
séverine,female
gilles,male
raphael,male
marine,female
darren,male
dimitar,male
anina,female
marlo,male
arman,male
camille,female
emilie,female
michel,male
tom,male
mario,male
emerson,male
gabriel,male
rafik,male
richard,male
carlo,male
ion,male
francisco,male
sabrina,female
joël,male
osman,male
erik,male
tillmann,male
toby,male
javier,male
robin,male
bernard,male
jeff,male
nausica,female
bernhard,male
vedran,male
shuo,male
james,male
nabil,male
isabel,female
pablo,male
walter,male
masakazu,male
andres,male
charles,male
nathalie,female
sylke,female
fatih,male
thibault,male
gregor,male
linus,male
andré,male
cedric,male
jorge,male
endre,male
rené,male
conrad,male
bartolomeo,male
yaakov,male
gabriele,male
ruben,male
finn,male
alfred,male
kyle,male
anthony,male
gavin,male
joseph,male
mihai,male
guilherme,male
quentin,male
verena,female
zafar,male
benno,male
silvan,male
manlio,male
driton,male
kei,male
ronald,male
josé,male
pedro,male
patrik,male
raymond,male
elshad,male
jürg,male
mischa,male
kenneth,male
serban,male
willemien,female
suman,male
dmytro,male
torge,male
luiza,female
saverio,male
giotto,male
daniela,female
pieter,male
albrecht,male
melvin,male
eva,female
sotiria,female
andrej,male
orly,female
joel,male
cornelia,female
klaus,male
gil,male
iris,female
nicole,female
eleftherios,male
panos,male
tuan,male
gunther,male
gustavo,male
carina,female
evelyn,female
heather,female
gwen,female
robbert,male
pietro,male
natalie,female
joe,male
niels,male
tanja,female
alfredo,male
simone,female
andréas,male
gianpaolo,male
malcolm,male
marlon,male
arvind,male
valentin,male
daria,female
sharon,female
miguel,male
deborah,female
ido,male
matej,male
mahmoud,male
berat,male
diarmuid,male
julia,female
matthieu,male
sebastião,male
rahel,female
margaux,female
amin,male
muriel,female
mrinal,male
josef,male
tony,male
adriana,female
damyan,male
teodoro,male
joschka,male
jeremias,male
jascha,male
jasper,male
glenn,male
ione,female
jacky,male
pia,female
oleg,male
ihab,male
ross,male
salvatore,male
rustem,male
sean,male
gauthier,male
aike,male
maite,female
nicolò,male
diego,male
roland,male
chris,male
agnes,female
dominique,male
frédéric,male
vincenzo,male
volker,male
janis,female
bojana,female
shahin,male
claus,male
dario,male
sascha,male
aleksandr,male
assaf,male
itai,male
yair,male
franck,male
garry,male
ville,male
gediminas,male
michela,female
haroun,male
mevludin,male
luigi,male
samuele,male
corrado,male
jukka,male
twan,male
beat,male
lucian,male
burkhard,male
judith,female
aurélien,male
arnold,male
yoann,male
thorsten,male
praveen,male
ronni,male
ethan,male
jae,male
nigel,male
wei,male
arko,male
michiel,male
sonja,female
kristian,male
yannis,male
isabelle,female
lucien,male
jacques,male
olga,female
sylvain,male
aliaksei,male
alexei,male
andrei,male
dmitri,male
jonathan,male
tristan,male
mona,female
heiko,male
ennio,male
manuele,male
zina,female
rick,male
justinas,male
ursula,female
ruth,female
axel,male
jan,male
atilla,male
tamás,male
jochen,male
dimitri,male
nicola,male
arnaud,male
jake,male
ernest,male
dorina,female
henrique,male
luís,male
ian,male
anselma,female
arne,male
liliane,female
fred,male
veysel,male
lawrence,male
tavis,male
mattias,male
cem,male
brian,male
kurt,male
marie,female
sam,male
nathanael,male
ralf,male
avigdor,male
alissa,female
rui,male
lorin,female
mehmet,male
bo,male
regula,female
elke,female
tobi,male
rodney,male
sven,male
chantal,female
sofiane,male
jure,male
iwan,male
rutger,male
celeste,female
angela,female
thorben,male
elisa,female
min,male
sophia,female
colin,male
boran,male
gino,male
raffael,male
edgars,male
piotr,male
neetu,female
dan,male
haim,male
moti,male
shai,male
flurin,male
gian,male
rok,male
arik,male
rocco,male
shaun,male
valerius,male
wolfram,male
iskander,male
natale,male
ruud,male
teddy,male
torsten,male
ken,male
steven,male
debora,female
theo,male
claudius,male
evgeny,male
leonie,female
mathew,male
aldo,male
valerio,male
jani,male
ibrahim,male
sylvie,female
jane,female
shirley,female
mika,male
danil,male
todd,male
edo,male
gad,male
melodie,female
kaarel,male
gary,male
jevgeni,male
katrin,female
oksana,female
ott,male
nikita,male
henrik,male
kristofer,male
rasmus,male
avery,male
hendry,male
kaido,male
edward,male
elena,female
lina,female
emre,male
andi,male
hannes,male
diana,female
heikki,male
kristjan,male
allan,male
artem,male
eugene,male
vladyslav,male
avo,male
erko,male
urmo,male
rain,male
przemek,male
remi,male
terence,male
karin,female
romet,male
tarvo,male
konrad,male
marek,male
ove,male
rivo,male
vilve,female
hasan,male
vlad,male
petri,male
hendrik,male
taivo,male
mait,female
madis,male
mariliis,female
rait,male
karen,female
taavi,male
rauno,male
valter,male
priit,male
arseny,male
jarkko,male
hedi,male
kalle,male
josh,male
andrus,male
merit,female
kirill,male
attila,male
mete,male
lenore,female
joosep,male
ilija,male
janno,male
tarmo,male
johann,male
kamil,male
ain,female
tõnis,male
siim,male
mert,male
matt,male
svyatoslav,male
mari,female
märt,female
indrek,male
riho,female
stephen,male
kustas,male
meelis,male
mikk,male
elif,female
saim,male
türker,male
glen,male
jack,male
liis,female
taavet,male
neslihan,female
şahin,male
kaidi,female
ilia,male
jaan,male
kimmo,male
arno,male
alexey,male
helena,female
maksim,male
yuliya,female
dejan,male
jaka,male
vladan,male
vivek,male
annika,female
agu,male
reijo,male
lian,female
bora,male
doruk,male
dorukhan,male
hakan,male
kerim,male
mustafa,male
orkun,male
gaspar,male
mohamed,male
andris,male
margus,male
dariusz,male
eryk,male
marcin,male
ionut,male
kristo,male
toomas,male
alar,male
maiko,female
danylo,male
yegor,male
rasim,male
sinan,male
rainer,male
mihkel,male
veikko,male
evren,male
aleksander,male
maarja,female
paavo,male
lauri,female
triin,female
vallo,male
manos,male
ingmar,male
tamir,male
silver,male
artur,male
arty,male
egor,male
kalev,male
henry,male
alo,male
erlend,male
vladislav,male
wojciech,male
marion,female
argo,male
aleksejs,male
oskars,male
ahmed,male
sherif,male
mykyta,male
yaroslav,male
neeme,male
jakub,male
lukáš,male
slavomir,male
merve,female
samet,male
elar,male
elise,female
ragnar,male
kelly,female
heli,female
abdullah,male
alexandr,male
ayman,male
veiko,male
pavel,male
janika,female
kadri,male
terje,male
kristina,female
ivar,male
raido,male
andre,male
kostiantyn,male
yuriy,male
maido,male
tiit,male
amanda,female
charlie,male
kristi,female
magnus,male
rodolfo,male
johanna,female
viktor,male
paula,female
vahur,male
janek,male
youssef,male
audrius,male
joonas,male
raimond,male
triinu,female
bashir,male
pooja,female
livio,male
aivar,male
kadir,male
anatoly,male
iryna,female
ernesto,male
kam,male
nik,male
yu,female
markku,male
kerem,male
okan,male
alice,female
dmitrii,male
kubilay,male
alona,female
dagmar,female
maarit,female
stanislav,male
olzhas,male
alvar,male
jaanika,female
sten,male
berkan,male
kalvis,male
mohamad,male
erdem,male
melih,male
peep,male
age,male
arvo,male
erki,male
mart,male
asko,male
kaili,female
olari,male
sander,male
cosmin,male
askar,male
tatjana,female
herko,male
jaanus,male
keit,female
elo,female
marti,female
otto,male
teemu,male
juha,male
serkan,male
vahagn,male
kaur,female
stuart,male
kert,male
aleks,male
leonardo,male
aave,female
hanno,male
jarek,male
jüri,male
veli,male
jurgen,male
andrii,male
saeed,male
eugeniu,male
iulian,male
hando,male
mihhail,male
renee,female
erman,male
kim,female
christofer,male
grzegorz,male
celil,male
yasin,male
ergo,male
miklós,male
rafal,male
peeter,male
eero,male
piret,female
seren,female
miko,male
tuomas,male
raigo,male
ethel,female
gerli,female
tanel,male
erkki,male
dima,male
naseer,male
edgar,male
adelheid,female
niko,male
raul,male
margit,female
alicja,female
maciej,male
seweryn,male
tymoteusz,male
liisi,female
tomasz,male
szymon,male
mateusz,male
klaudia,female
miłosz,male
katarzyna,female
zenia,female
faith,female
arkadiusz,male
patryk,male
ada,female
pawel,male
hania,female
jacek,male
mikolaj,male
stanisława,female
karol,male
małgorzata,female
bartosz,male
łukasz,male
paweł,male
kacper,male
yahor,male
michał,male
aleksandar,male
honorata,female
sergey,male
barys,male
ariel,male
agnieszka,female
weronika,female
edmond,male
andrzej,male
damian,male
wiktoria,female
stanisław,male
patrycja,female
rafał,male
miron,male
przemysław,male
irving,male
bartłomiej,male
szczepan,male
cezary,male
izabella,female
rajesh,male
franek,male
dorota,female
leszek,male
hazem,male
natalia,female
oleksandr,male
olha,female
mat,male
sławomir,male
norbert,male
hanna,female
mariusz,male
adnan,male
dmitriy,male
joanna,female
romuald,male
kasia,female
zbigniew,male
barton,male
marta,female
jerzy,male
radek,male
lucy,female
barbara,female
hubert,male
janusz,male
sergiy,male
emil,male
curtis,male
monika,female
krystian,male
luk,male
edyta,female
eugenia,female
zoya,female
ignacy,male
iwona,female
kate,female
darek,male
yury,male
agata,female
jarosław,male
matylda,female
valery,female
yurii,male
borys,male
hannah,female
urszula,female
vyacheslav,male
margarita,female
renata,female
luke,male
denys,male
tadeusz,male
mikołaj,male
kohei,male
radosław,male
sylwia,female
mac,male
ryszard,male
duke,male
stan,male
alp,male
caner,male
cenk,male
ilyas,male
omer,male
ratko,male
siniša,male
aga,female
euan,male
misha,male
alexandra,female
kornel,male
oskar,male
karolina,female
magdalena,female
stanislaw,male
léon,male
ignas,male
jaro,male
rimvydas,male
ewa,female
bogumiła,female
arek,male
leonid,male
mira,female
ilona,female
jürgen,male
romain,male
freddy,male
brice,male
jerome,male
thibaut,male
jeremie,male
yoav,male
mickael,male
jessy,female
stanislas,male
arthur,male
jérémie,male
sacha,male
jules,male
jordane,male
rodolphe,male
clement,male
ori,male
xavier,male
erwan,male
stevan,male
alix,female
ryad,male
yvan,male
kourosh,male
alois,male
augustin,male
aymeric,male
georges,male
salah,male
anne,female
emeric,male
flavien,male
emilien,male
fabrice,male
yassir,male
tarek,male
luciano,male
ambre,female
jia,female
abdul,male
franz,male
clémentine,female
gonzague,male
amit,male
ismael,male
bastien,male
bertin,male
fernand,male
hugues,male
rand,female
emeline,female
geoffroy,male
laure,female
briac,male
maxine,female
odile,female
ludovic,male
grégoire,male
lucie,female
rupert,male
enguerrand,male
ulric,male
colombe,female
jacquelin,female
laura,female
yassine,male
johnny,male
minh,male
paulin,male
jérémy,male
kamal,male
rachel,female
hortense,female
anh,female
bénédicte,female
gael,male
geoffrey,male
maxime,male
jim,male
aude,female
asher,male
aurélie,female
ilan,male
nael,male
graham,male
rémi,male
johan,male
mickaël,male
badr,male
younes,male
aria,female
coline,female
saad,male
tuncay,male
corentin,male
stéphanie,female
gonçalo,male
julie,female
shannon,female
ondine,female
virgile,male
amaury,male
alexis,male
thierry,male
vivien,female
manoel,male
gérard,male
benoît,male
yan,male
cyrille,male
yassin,male
govind,male
sarah,female
alban,male
sixte,male
gautier,male
rabih,male
amelie,female
marty,male
marjolaine,female
charlotte,female
agathe,female
mounir,male
antonin,male
roy,male
aline,female
céline,female
etienne,male
laetitia,female
aditya,male
duncan,male
vinh,male
pete,male
jacob,male
zakaria,male
claude,male
pramod,male
cecile,female
florence,female
hicham,male
maud,female
siri,female
enzo,male
solange,female
mehdi,male
timothée,male
daniele,male
ricardo,male
laurence,female
eddy,male
joachim,male
aris,male
yanne,female
francis,male
mohsen,male
wilfried,male
jehan,female
ronan,male
frederique,female
claire,female
diane,female
neville,male
michaël,male
régis,male
lancelot,male
thibaud,male
linda,female
scott,male
dino,male
casimir,male
rodric,male
hélène,female
chloe,female
severine,female
gaspard,male
nao,female
lucile,female
samy,male
elie,male
gildas,male
hervé,male
morgane,female
jerry,male
aram,male
azat,male
jeanne,female
angelo,male
delphine,female
joy,female
miranda,female
carolina,female
emmanuelle,female
ionel,male
esteban,male
mauricio,male
corinne,female
rene,male
anaïs,female
uli,female
faouzi,male
nicolás,male
isla,female
erwann,male
erwin,male
carole,female
stephanie,female
hoon,male
mathilde,female
britta,female
ina,female
reda,male
rebecca,female
oren,male
shay,male
yves,male
usman,male
pauline,female
lara,female
tatiana,female
abdou,male
magali,female
sergio,male
evelin,female
lino,male
gordon,male
wilfrid,male
efraim,male
gerardo,male
idoia,female
caspar,male
felicity,female
bill,male
nghia,male
hadrien,male
maxence,male
souheil,male
félix,male
khalid,male
tancrède,male
clarisse,female
maximilien,male
théau,male
amine,male
toussaint,male
oscar,male
tanguy,male
eléonore,female
tarik,male
sandrine,female
eliot,male
simo,male
nima,male
helen,female
albane,female
rudy,male
kris,male
joanne,female
jay,male
jade,female
romaric,male
nelly,female
kenza,female
josselin,female
anjan,male
faysal,male
alicia,female
marian,female
andréa,female
keyvan,male
saskia,female
tawfiq,male
barthélémy,male
arsène,male
aimee,female
kamel,male
maeva,female
athanase,male
arjun,male
faycal,male
bodo,male
emile,male
alvaro,male
francia,female
juliette,female
herbert,male
madeline,female
warren,male
salim,male
sara,female
yun,female
emma,female
martine,female
grace,female
fanch,male
gwendal,male
sid,male
marjorie,female
ludwig,male
ane,female
augusto,male
erick,male
driss,male
matis,male
germain,male
fanny,female
gerard,male
igal,male
léo,male
wanda,female
albert,male
virginie,female
benedetta,female
alexia,female
isaac,male
magalie,female
carsten,male
mani,male
armand,male
dorothée,female
hamid,male
caroline,female
gaëlle,female
ryan,male
nihal,female
jessie,female
axelle,female
jyotsna,female
aziza,female
emanuel,male
léopold,male
nour,female
polina,female
lamine,male
donatien,male
mikhael,male
manon,female
mahdi,male
ying,female
jessica,female
jordan,male
rafaël,male
anas,male
reynold,male
siham,female
clémence,female
alaa,male
hela,female
walid,male
geraldine,female
neal,male
israel,male
li,female
antonia,female
tolga,male
amer,male
khalil,male
aurore,female
joris,male
martial,male
beryl,female
basile,male
rafael,male
wael,male
gustave,male
amandine,female
reynald,male
amor,male
selena,female
joffrey,male
gaël,male
théo,male
charif,male
clementine,female
charlene,female
margot,female
slim,male
dora,female
renan,male
godefroy,male
guglielmo,male
mamoun,male
côme,male
rosie,female
elodie,female
salem,male
valerie,female
troy,male
bence,male
tamas,male
zsolt,male
dániel,male
kristóf,male
szabolcs,male
balázs,male
ferenc,male
neil,male
bálint,male
donát,male
jimmy,male
soma,female
aki,male
jesse,male
gábor,male
levente,male
dávid,male
kornél,male
zsófia,female
istván,male
gergő,male
ákos,male
zoltán,male
gergely,male
jános,male
ambrus,male
botond,male
kata,female
liz,female
ábel,male
martina,female
stacey,female
marcell,male
péter,male
györgy,male
andor,male
regina,female
andrás,male
lászló,male
ádám,male
nora,female
christine,female
márton,male
csaba,male
tibor,male
mihály,male
géza,male
imre,male
rudolf,male
henriette,female
bernadett,female
csenge,female
réka,female
mate,male
melinda,female
sándor,male
judit,female
márk,male
orsolya,female
mónika,female
timur,male
janka,female
zsóka,female
viola,female
brigitte,female
nini,female
antal,male
mária,female
adrián,male
dóra,female
vera,female
anita,female
fatimah,female
eszter,female
vince,male
adrienn,female
armin,male
viktória,female
berta,female
károly,male
róbert,male
reuben,male
hajnalka,female
pál,male
kinga,female
dénes,male
germán,male
karina,female
rolando,male
gyula,male
hamza,male
zelda,female
cesar,male
dali,male
anela,female
yazid,male
pal,male
charbel,male
clara,female
alejandra,female
estelle,female
el,male
hichem,male
salma,female
wajdi,male
oussama,male
killian,male
abdellah,male
kabir,male
giulia,female
luisa,female
flore,female
marin,male
raffi,male
léa,female
valentine,female
chloé,female
khadija,female
ayoub,male
vianney,female
hakim,male
victoire,female
rami,male
théophile,male
amélie,female
rémy,male
ernst,male
alejandro,male
casper,male
mariela,female
bilal,male
lamia,female
erol,male
eloi,male
cyprien,male
fergus,male
anis,male
wafa,female
imed,male
bryant,male
floran,male
clelia,female
frédérique,female
achille,male
louise,female
domenico,male
edoardo,male
edwige,female
joséphine,female
nadim,male
cannelle,female
théotime,male
bérénice,female
joakim,male
meghan,female
allegra,female
gweltaz,male
mikael,male
stéphan,male
samar,female
sabrine,female
marina,female
haroon,male
clyde,male
aneta,female
setareh,female
severin,male
yahya,male
yosra,female
rudolph,male
fahim,male
fouad,male
yaniv,male
stina,female
tat,male
violette,female
priscille,female
aida,female
sofia,female
nuno,male
paulo,male
joão,male
joana,female
fernando,male
nikolai,male
jaime,male
inês,female
duarte,male
marcia,female
diogo,male
sérgio,male
gilberto,male
natallia,female
hayden,male
tiago,male
veronica,female
hossein,male
monica,female
cláudia,female
afonso,male
filipe,male
marya,female
mário,male
maksym,male
milana,female
lisa,female
conor,male
frederick,male
marcelo,male
serafim,male
elizabeth,female
noelia,female
orlando,male
fadhil,male
césar,male
sónia,female
lorena,female
cyrus,male
michelle,female
agostinho,male
mila,female
antónio,male
jorn,male
romana,female
euclides,male
cidália,female
lucia,female
rogerio,male
joaquim,male
vanessa,female
lourenço,male
mafalda,female
martim,male
bryan,male
mariana,female
rita,female
beatriz,female
ida,female
catarina,female
eddie,male
tomás,male
verónica,female
fernanda,female
carla,female
ivor,male
flávio,male
wendy,female
domingos,male
andreia,female
filipa,female
celestino,male
margarida,female
belén,female
mauro,male
madalena,female
wolfgang,male
virgilio,male
nelson,male
mans,male
anders,male
klara,female
fredrik,male
per,male
göran,male
sverker,male
keith,male
jackie,female
gustav,male
willem,male
cristiana,female
lech,male
hedda,female
ludvig,male
elina,female
raoul,male
august,male
charlotta,female
arda,male
ece,female
furkan,male
gustaf,male
ronnie,male
thor,male
gintautas,male
salman,male
olof,male
einar,male
tomer,male
bjorn,male
sameh,male
tue,female
patric,male
sergej,male
kasper,male
mauritz,male
olle,female
lennart,male
pär,male
niclas,male
preben,male
samer,male
sana,female
tore,male
sakina,female
umar,male
jannis,male
jesper,male
jarno,male
klas,male
albin,male
alper,male
miroslav,male
rickard,male
sammy,male
marjon,female
claes,male
vitalii,male
leif,male
christos,male
kristoffer,male
edvin,male
frithiof,male
lovisa,female
pelle,male
mats,male
frida,female
petter,male
yiğit,male
tadej,male
rikard,male
josefine,female
manne,male
berfin,female
sofie,female
anja,female
ankit,male
christoffer,male
ebba,female
ola,female
pernilla,female
rory,male
therese,female
henric,male
annica,female
kjell,male
håkan,male
viggo,male
emmet,male
hampus,male
gus,male
henrietta,female
pontus,male
beatrice,female
matias,male
olov,male
gunnar,male
jörgen,male
saba,female
peder,male
theodor,male
jenny,female
susanne,female
josefin,female
nicolina,female
ted,male
krister,male
milad,male
dorte,female
enno,male
arash,male
sunil,male
clarence,male
espen,male
angelos,male
pål,male
björn,male
milton,male
sture,male
åsa,female
jin,male
kaveh,male
malin,female
hjalmar,male
elia,male
ricky,male
joacim,male
cristina,female
jacinto,male
arshak,male
sergiu,male
mikaela,female
olivia,female
donnie,male
melika,female
rim,female
christer,male
inger,female
karoline,female
måns,male
sören,male
nikhil,male
eyad,male
charlott,female
wilhelm,male
tove,female
zoran,male
matti,male
micael,male
fredrika,female
isac,male
ulrika,female
francesca,female
ninni,male
aleksey,male
falko,male
rich,male
paris,female
ucha,male
levina,female
tord,male
victoria,female
urban,male
edmundas,male
vygantas,male
hamdija,male
tor,male
naveen,male
conan,male
staffan,male
elof,male
deniss,male
viktoryia,female
erika,female
amy,female
raffaele,male
abbey,female
anil,male
kathy,female
emelie,female
elsa,female
doug,male
mille,female
nathaniel,male
thijs,male
cornelius,male
jeanna,female
jeanette,female
camilla,female
jemina,female
mia,female
vidar,male
cristopher,male
andries,male
priscilla,female
carin,female
karsten,male
kerstin,female
petr,male
fredric,male
lauren,female
micke,male
maki,female
cecilia,female
wissam,male
farhad,male
kaj,male
haider,male
zuheir,male
tilda,female
saudin,male
ulrik,male
elin,female
matilda,female
faramarz,male
hanne,female
ingrid,female
janna,female
solen,female
filippa,female
cihan,male
asaph,male
vinay,male
shervin,male
meni,male
gohar,female
iman,female
omid,male
birger,male
matija,male
miriam,female
robby,male
birgitta,female
torgny,male
linn,female
tommy,male
malte,male
catharina,female
rosalyn,female
sanna,female
eivind,male
qi,male
dag,male
algimantas,male
jurgis,male
mantas,male
martynas,male
žygimantas,male
andrius,male
darius,male
domantas,male
laimonas,male
rytis,male
jekaterina,female
povilas,male
vitalijus,male
tadas,male
juozas,male
linas,male
skirmantas,male
aidas,male
dainius,male
donatas,male
laurynas,male
rolandas,male
mindaugas,male
dalia,female
domas,male
henrikas,male
simona,female
aivaras,male
vytautas,male
irmantas,male
jaunius,male
paulius,male
rokas,male
vlada,female
jevgenij,male
gytis,male
šarūnas,male
artūras,male
nikolaj,male
ernestas,male
karolis,male
alisa,female
evaldas,male
edvardas,male
vaidas,male
vilius,male
cihat,male
ismet,male
jaroslav,male
kęstutis,male
nerijus,male
aurimas,male
simonas,male
gerda,female
justas,male
antanas,male
robertas,male
vilmantas,male
edvinas,male
simas,male
indrė,female
laimis,male
vytenis,male
markas,male
dina,female
eimantas,male
silvestras,male
donat,male
romas,male
algirdas,male
danielius,male
neringa,female
irma,female
gintaras,male
daiva,female
agota,female
daumantas,male
adel,male
raimundas,male
tautvydas,male
aurelijus,male
saulius,male
audra,female
agnė,female
asta,female
jokūbas,male
evgeniy,male
raman,male
ilja,male
jørgen,male
yauhen,male
uldis,male
kipras,male
eugenijus,male
renat,male
alfonso,male
enrique,male
román,male
fran,male
edwin,male
kostas,male
ramón,male
guillermo,male
stanley,male
ricard,male
mariano,male
salvador,male
susana,female
oriol,male
wouter,male
ariadna,female
héctor,male
german,male
ramon,male
ramiro,male
abraham,male
dani,male
rubén,male
jaume,male
pol,male
asis,male
frederico,male
rafa,male
valeria,female
julián,male
vicente,male
haydee,female
iván,male
ferran,male
pere,male
maría,female
francesc,male
alun,male
mick,male
elisabeth,female
manel,female
cinzia,female
sergi,male
xandra,female
laurens,male
guillem,male
cesare,male
ioan,male
po,male
álvaro,male
joan,female
paloma,female
adriaan,male
antonella,female
pádraig,male
gorka,male
eduard,male
miquel,male
lula,female
karan,male
nacho,male
borja,male
koen,male
gonzalo,male
emily,female
andrés,male
armando,male
valentín,male
desirée,female
carles,male
carol,female
óscar,male
megan,female
tigran,male
jesus,male
ángel,male
iker,male
raúl,male
león,male
julio,male
josune,female
avinash,male
mireia,female
lluis,male
lucía,female
jerónimo,male
amado,male
denise,female
wassim,male
egoitz,male
iñaki,male
patxi,male
julieta,female
raimon,male
mokhtar,male
luz,female
andreu,male
carlota,female
oriana,female
galo,male
jesús,male
alessio,male
raimundo,male
georgina,female
núria,female
pasqual,male
yonathan,male
adolfo,male
mabel,female
beñat,male
marguerite,female
josué,male
kenny,male
dekel,male
santiago,male
ignasi,male
eli,male
hector,male
isidro,male
alba,female
carmen,female
víctor,male
cho,male
sonia,female
moira,female
íñigo,male
emiliano,male
ale,male
unai,male
dmitrijs,male
vasiliy,male
elías,male
emanuela,female
orson,male
giuseppe,male
leandro,male
dany,male
sabina,female
ángela,female
valentina,female
camila,female
reid,male
agustín,male
darío,male
yuri,male
xavi,male
loris,male
muhsin,male
patricia,female
gregorio,male
dimas,male
yong,male
amar,male
lourdes,female
steffen,male
haris,male
humayun,male
itamar,male
sebastiaan,male
stani,male
rafie,male
zachary,male
lyric,female
eyal,male
lior,male
brendan,male
darko,male
nikola,male
pei,female
tsung,male
veera,female
myles,male
volodymyr,male
allen,male
tauri,male
will,male
shankar,male
kane,male
liam,male
teodor,male
zsuzsa,female
murat,male
kerry,female
margaret,female
fadi,male
noor,female
vid,male
tyler,male
alistair,male
kaupo,male
leslie,female
maya,female
viacheslav,male
margo,female
callum,male
krishan,male
lee,male
ed,male
chun,male
noemi,female
oleksander,male
sharad,male
calvin,male
mehrdad,male
yaron,male
xiao,female
hao,male
knut,male
susanna,female
gabrielle,female
stone,male
jing,female
sumi,female
ohad,male
hussain,male
marwan,male
shane,male
morten,male
katie,female
burak,male
utku,male
abdel,male
jeffrey,male
maynard,male
adrienne,female
susan,female
tara,female
phil,male
ollie,male
afroditi,female
danny,male
tatsuya,male
filippo,male
solveiga,female
poppy,female
liang,male
ruchi,female
fraser,male
iain,male
lulu,female
farah,female
fırat,male
georgiana,female
connell,male
bronwen,female
willie,male
zahir,male
forrest,male
hakeem,male
zara,female
phillip,male
hardeep,male
elliot,male
craig,male
josephine,female
bobby,male
llewellyn,male
marat,male
devran,male
robbie,male
glyn,male
nisha,female
kieron,male
alana,female
vivian,female
kenrick,male
benjamina,female
edith,female
hariton,male
judy,female
wesley,male
gines,male
mack,male
maryna,female
clare,female
elinor,female
giancarlo,male
eamonn,male
arun,male
kamelia,female
aiden,male
angus,male
petros,male
spencer,male
mohammad,male
nadine,female
ha,male
asaf,male
ashutosh,male
daljit,male
kristan,female
hami,male
ashleigh,female
ammar,male
randa,female
zoe,female
nic,male
roeland,male
taras,male
harrison,male
graeme,male
yi,female
shimon,male
jaron,male
grant,male
riaz,male
pascale,female
josip,male
samson,male
zack,male
jo,female
lex,male
martyn,male
béla,male
georgie,female
serdar,male
harinder,male
nicoleta,female
ajay,male
sei,male
jamie,male
domenic,male
ingemar,male
freddie,male
joshua,male
cody,male
trevor,male
nichola,female
olly,male
katia,female
mohan,male
rebeca,female
jenni,female
nina,female
flora,female
ghislain,male
judd,male
cas,male
drew,male
dermot,male
barnaby,male
barney,male
geoff,male
jaco,male
aleksi,male
giulio,male
hsin,male
idlir,male
holly,female
niall,male
paddy,male
christy,female
antonios,male
owen,male
clive,male
vadim,male
sameer,male
dor,male
ashish,male
mervyn,male
kresten,male
adi,male
rohan,male
lydia,female
ro,female
dirk,male
ashley,female
jenna,female
esther,female
ray,male
guillemette,female
deepak,male
gareth,male
kevan,male
dimitris,male
jelena,female
richie,male
amrit,male
carlton,male
carrie,female
leander,male
elliott,male
flemming,male
mitch,male
fares,male
nicu,male
xenia,female
austen,male
achillefs,male
huub,male
kit,male
franziska,female
lidia,female
krassimir,male
bob,male
jennifer,female
roderick,male
fearghal,male
shea,female
kiran,male
bryony,female
matty,male
veronique,female
tiffany,female
mykhailo,male
phoebe,female
silja,female
evaline,female
garth,male
arwen,female
bruce,male
fotis,male
iraklis,male
adil,male
imdad,male
ismail,male
rupinder,female
nazar,male
tarlochan,male
alon,male
noam,male
tali,female
pasquale,male
abrar,male
gilad,male
ofir,male
giles,male
alena,female
eoin,male
randolph,male
tanya,female
ka,male
savvas,male
derek,male
muhammad,male
matei,male
janko,male
misa,female
tilen,male
yang,male
chaz,male
renato,male
aharon,male
jonny,male
allison,female
barry,male
ciaran,male
fahd,male
philippa,female
crispin,male
avtar,male
vic,male
ruslanas,male
amber,female
noreen,female
yvonne,female
johnnie,male
calum,male
ron,male
dylan,male
matilde,female
les,male
katerina,female
lewis,male
alina,female
nafisa,female
selina,female
alexandros,male
lachlan,male
svilen,male
sanford,male
hew,male
areti,female
russell,male
damiano,male
cavid,male
turan,male
theofilos,male
syed,male
kieran,male
waleed,male
eleanor,female
seyed,male
abbas,male
céleste,female
malwine,female
carly,female
frankie,male
gaetano,male
kingsley,male
zane,male
neel,male
giannis,male
cameron,male
satish,male
sri,female
marja,female
demetrios,male
haitham,male
vaios,male
humphrey,male
gemma,female
cian,male
ike,male
caoimhe,female
ioannis,male
manisha,female
tassos,male
branislav,male
suzann,female
garrett,male
goce,male
alessandra,female
connie,female
saul,male
vitaly,male
antonis,male
konstantinos,male
charis,female
vasilis,male
panagiotis,male
vasileios,male
takis,male
kyriakos,male
marios,male
stelios,male
iakovos,male
daphne,female
spyridon,male
sergios,male
anargyros,male
anastasios,male
teo,male
christoforos,male
odysseas,male
georgios,male
charalampos,male
lazaros,male
michalis,male
christodoulos,male
grigorios,male
lela,female
stathis,male
themis,male
angeliki,female
evangelos,male
kosmas,male
panagiota,female
dimitrios,male
zissis,male
stratos,male
theodoros,male
aristotelis,male
nikolas,male
spyros,male
fotios,male
ekin,female
manolis,male
marianna,female
serhat,male
stamatis,male
athanassios,male
pau,male
marieta,female
avi,male
adria,female
suraj,male
gabriela,female
jori,female
vicent,male
evaristo,male
oier,male
agustin,male
bernardo,male
xabi,male
loan,female
danilo,male
nil,female
iban,male
esperanza,female
emanuele,male
nancy,female
victoriano,male
paco,male
emmett,male
tudor,male
chad,male
rosa,female
jaap,male
francisca,female
emilio,male
efren,male
alejo,male
pilar,female
enric,male
ines,female
annie,female
endika,male
eulalia,female
octavi,male
blair,male
mariel,female
silvia,female
alfons,male
anisia,female
emilia,female
jacobo,male
norberto,male
talia,female
noel,male
franc,male
can,male
sina,female
rosendo,male
eneko,male
fede,male
maribel,female
julen,male
mar,female
inés,female
abel,male
asier,male
boyd,male
ann,female
raquel,female
sergii,male
uliana,female
camilo,male
domingo,male
rika,female
ulises,male
modesto,male
katrina,female
arturo,male
zacarias,male
justo,male
genaro,male
estrella,female
carme,female
almudena,female
blas,male
telmo,male
eugenio,male
damián,male
débora,female
yolanda,female
long,male
manuela,female
nuria,female
demis,male
andoni,male
virginia,female
matías,male
gloria,female
glauco,male
salva,male
joaquín,male
tommaso,male
gina,female
kilian,male
moisés,male
polo,male
byron,male
crescencio,male
kepa,male
olatz,female
ester,female
haritz,male
lorella,female
valeriya,female
lya,female
mercedes,female
elvira,female
fidel,male
paulino,male
pepita,female
ander,male
stewart,male
yael,female
humbert,male
tilmann,male
yesica,female
irene,female
dídac,male
nestor,male
anabel,female
adelaida,female
ton,male
horacio,male
hermes,male
rufo,male
rocío,female
olaf,male
paola,female
jill,female
mónica,female
uri,male
martín,male
heidi,female
gessica,female
tomaso,male
brad,male
ellen,female
chandini,female
artemis,female
fan,female
liudas,male
jurek,male
roma,female
radu,male
boyko,male
hristo,male
mridula,female
sokratis,male
mihriban,female
remus,male
charalambos,male
mitchel,male
zdeněk,male
brittany,female
neta,female
rotem,female
basilio,male
haydn,male
darragh,male
deva,male
winfried,male
koki,male
kotaro,male
dana,female
horatio,male
atif,male
brett,male
edd,male
giovanna,female
ferdinando,male
devin,male
kelvin,male
ophir,male
vivi,female
justus,male
helder,male
melek,female
zuzanna,female
vinicius,male
gerry,male
sanjay,male
sai,male
natasha,female
imtiaz,male
amita,female
asit,male
chen,male
zaki,male
meeta,female
sioned,female
stella,female
rachael,female
joey,male
antony,male
nizam,male
roderic,male
saif,male
che,male
harley,male
laurie,female
dean,male
irina,female
catriona,female
hywel,male
thea,female
abbie,female
biswajit,male
fiona,female
cormac,male
manish,male
mendel,male
tomi,male
aisling,female
alison,female
don,male
seth,male
shahriar,male
nadav,male
dariya,female
colette,female
leanne,female
jos,male
maisie,female
hannan,male
sushma,female
faiz,male
danielle,female
boo,male
leah,female
nikki,female
erhan,male
asim,male
arden,male
quirino,male
arnor,male
majed,male
harvey,male
zahid,male
barak,male
jared,male
mayeul,male
swati,female
chelsea,female
letizia,female
kobi,male
zoë,female
jun,male
eve,female
debra,female
quitterie,female
baran,male
zeena,female
natela,female
sho,male
constantine,male
rayna,female
karthik,male
safia,female
kay,female
sidney,male
nia,female
miroslava,female
hana,female
leighton,male
hira,female
ravinder,male
alasdair,male
elisabetta,female
gray,male
venkat,male
polly,female
isa,female
rose,female
bailey,female
shira,female
heba,female
tasha,female
shifra,female
geri,female
umut,male
georgia,female
artjoms,male
nat,female
jord,male
mislav,male
monique,female
aamir,male
stanimir,male
morris,male
maj,male
edin,male
kruno,male
domen,male
pavlo,male
galya,female
mihael,male
borut,male
semin,male
viktoria,female
aidan,male
krasimir,male
vassil,male
annette,female
josif,male
blaž,male
brent,male
nejc,male
alin,male
kiril,male
ozren,male
arianna,female
ayana,female
fulvio,male
simeon,male
muhammed,male
georgi,male
yavor,male
gala,female
desislava,female
ivaylo,male
andriy,male
deyan,male
ivailo,male
mihail,male
matic,male
miha,female
valeri,female
lachezar,male
ingo,male
dimo,male
angelika,female
tomislav,male
iliya,male
nedko,male
petra,female
emanuil,male
bisser,male
dragutin,male
kateryna,female
oleksii,male
rado,male
boyan,male
rossen,male
kalojan,male
stiliyan,male
stoian,male
blagovest,male
lyubomir,male
violeta,female
kyrylo,male
oles,male
kanan,male
spas,male
todor,male
branimir,male
artyom,male
inna,female
anastasiia,female
greta,female
hristina,female
trayan,male
lubomir,male
aljaž,male
fedor,male
zafer,male
kesha,female
elitza,female
trayko,male
ilana,female
goran,male
iskren,male
yasen,male
zhasmina,female
atanas,male
kyra,female
jernej,male
vuk,male
venera,female
babak,male
darin,male
rodion,male
mamed,male
aleš,male
matjaž,male
nenko,male
stayko,male
prvoslav,male
galin,male
eran,male
yoram,male
stoyan,male
kalin,male
metodi,male
boryana,female
ufuk,male
dian,female
borislav,male
vitaliy,male
majda,female
stas,male
nemanja,male
anvar,male
vasyl,male
stilian,male
aleksandrs,male
ksenija,female
mitko,male
tino,male
dragoslav,male
yanko,male
stavri,female
ilian,male
damjan,male
tihomir,male
vasil,male
yordan,male
ivana,female
jurica,male
iliyan,male
plamen,male
bozhidar,male
ante,male
stipe,male
zdravko,male
silvija,female
dobromir,male
dilyan,male
jura,male
bogomil,male
jedediah,male
krunoslav,male
lidiya,female
ico,male
vesselin,male
svetlin,male
angelina,female
gergana,female
dessislava,female
evgeni,male
tomo,male
aladdin,male
rosen,male
svetoslav,male
bojan,male
zvonimir,male
adela,female
momchil,male
damir,male
zhivko,male
yana,female
milen,male
mircea,male
oana,female
evgen,male
primož,male
velimir,male
ivelin,female
eugen,male
tiberiu,male
kaloyan,male
olena,female
aigerim,female
aizhan,female
nenad,male
mladen,male
veliko,male
emad,male
raluca,female
melissa,female
frederik,male
jen,female
cara,female
jayne,female
roei,male
tariq,male
jeremiah,male
charmaine,female
oli,male
jerad,male
shadi,male
peadar,male
chieu,male
denko,male
deirdre,female
flavius,male
ant,male
ariane,female
ruby,female
theodore,male
audrey,female
cai,male
abigail,female
piero,male
thom,male
václav,male
pierce,male
erez,male
floyd,male
fenella,female
orla,female
tai,male
amon,male
ovidiu,male
jude,male
felicia,female
alec,male
kristof,male
kumar,male
anya,female
chantelle,female
kayleigh,female
dinah,female
koray,male
walther,male
kimberley,female
guido,male
ally,female
manoj,male
tatum,female
asma,female
sachin,male
megha,female
edmund,male
molly,female
wayne,male
cindy,female
avigail,female
russ,male
terry,male
trudie,female
violaine,female
celso,male
shiv,male
salima,female
ashton,male
archie,male
mitchell,male
cansu,female
ayaz,male
irfan,male
alexej,male
ruslan,male
deven,male
eduarda,female
rhys,male
carson,male
venetia,female
lorna,female
negar,female
moses,male
ravi,male
blake,male
idris,male
navid,male
urmas,male
sheng,male
kirsty,female
nader,male
nasser,male
lizzie,female
ariana,female
jonathon,male
aisha,female
azamat,male
dwane,male
teoman,male
rock,male
imke,female
kati,female
zahari,male
iva,female
louella,female
grigoriy,male
kosta,male
nataliya,female
sunna,female
kelli,female
hamish,male
vitali,male
layla,female
hisham,male
silas,male
erin,female
didem,female
maxwell,male
hiep,male
roisin,female
ruairí,male
murray,male
rebekah,female
achraf,male
yasmine,female
kristaps,male
reinis,male
mehrnaz,female
emine,female
alpha,male
faisal,male
yuli,female
juraj,male
monty,male
shivani,female
silvi,female
chiara,female
holger,male
agni,female
saher,male
kaitlin,female
kian,male
cemal,male
hamideh,female
larisa,female
suzanne,female
nate,male
benn,male
eliza,female
mary,female
dafydd,male
radhika,female
campbell,male
nevzat,male
suat,male
georgy,male
bharat,male
declan,male
erich,male
vernon,male
desiree,female
mindy,female
raj,male
livia,female
jad,male
kareem,male
soraya,female
verity,female
juliano,male
outi,female
adomas,male
dustin,male
massoud,male
ting,female
sona,female
altin,male
euron,male
vittorio,male
gianni,male
nicolo,male
danila,female
federica,female
ferruccio,male
jacopo,male
gabriella,female
sebastiano,male
eleonora,female
roberta,female
nunzio,male
ippolita,female
manfredi,male
iacopo,male
irini,female
margherita,female
graziano,male
giuliana,female
donato,male
antonino,male
kumara,male
gualtiero,male
massimiliano,male
britt,female
tiziano,male
milo,male
vito,male
gianluigi,male
annalisa,female
gennaro,male
riccarda,female
giada,female
doris,female
alessia,female
maurizio,male
agnese,female
giuliano,male
ronaldo,male
niccolò,male
fabiano,male
lucio,male
marcello,male
behzad,male
micaela,female
torquato,male
brando,male
cosmo,male
stefania,female
serena,female
christiaan,male
jody,female
duccio,male
ilaria,female
tiziana,female
camillo,male
dariush,male
pierfrancesco,male
lapo,male
osvaldo,male
jovan,male
firas,male
gianfranco,male
berardino,male
ivano,male
gianmaria,male
pier,male
patrizia,female
christie,female
ruggero,male
gionata,male
annamaria,female
lorenza,female
eros,male
gioele,male
ares,male
gaia,female
cristiano,male
pierluigi,male
ludovico,male
piercarlo,male
piergiorgio,male
germano,male
antonello,male
petru,male
raffaella,female
goffredo,male
biagio,male
diva,female
gioia,female
michelangelo,male
sirio,male
norma,female
silvio,male
ettore,male
jamshid,male
ihsan,male
piera,female
bianca,female
graziella,female
giglio,male
giampaolo,male
manolo,male
italo,male
leone,male
annibale,male
guk,male
romolo,male
moreno,male
aurelian,male
augusta,female
amedeo,male
imran,male
piervincenzo,male
shachar,male
stjepan,male
quintus,male
annabel,female
rajiv,male
rashid,male
mostafa,male
tessa,female
boaz,male
pinhas,male
mandeep,male
rahul,male
randal,male
arif,male
doron,male
priya,female
kumi,female
shahram,male
ramsey,male
jutta,female
mikkel,male
vassili,male
howard,male
pip,female
tahir,male
aman,male
robyn,female
lyle,male
majlinda,female
raja,male
daisy,female
cory,male
gavriel,male
riham,female
tabitha,female
maan,male
novo,male
emir,male
demirhan,male
lana,female
bradford,male
mads,male
sandy,female
sonal,female
al,male
cam,male
denzil,male
scot,male
syd,male
whitney,female
azem,male
dimitra,female
pyry,male
kaushal,male
chang,male
darryl,male
gideon,male
vaughan,male
seb,male
harold,male
tamsin,female
harish,male
matko,male
xan,male
atul,male
daniella,female
nova,female
ela,female
simonetta,female
siro,male
wai,male
andreja,female
may,female
valeriy,male
nadeem,male
abid,male
nur,female
rakesh,male
savannah,female
vaughn,male
zeki,male
elspeth,female
pawan,male
yusuf,male
katherine,female
liberty,female
jasmine,female
cheng,male
sheena,female
jas,male
pae,male
gints,male
jānis,male
ulrike,female
linsey,female
nessa,female
edgard,male
jozef,male
ultan,male
nukri,male
octavio,male
sohail,male
tex,male
liv,female
lavinia,female
ozan,male
derrick,male
hong,male
chryssa,female
lesia,female
aoife,female
ram,male
claudiu,male
sue,female
rowan,female
dilyana,female
lazarina,female
margarit,female
fausto,male
ludo,male
maarten,male
stijn,male
dieter,male
toon,male
davy,male
gerbert,male
pieterjan,male
geert,male
ward,male
bram,male
xander,male
thoralf,male
dries,male
wietse,male
guerric,male
wim,male
gari,male
jorik,male
bert,male
mireille,female
willi,male
jelle,male
amra,female
lida,female
roel,male
wout,male
herlinde,female
gijs,male
roderik,male
piet,male
ranjith,male
quinten,male
vikram,male
alexina,female
lieven,male
els,female
inge,female
vibha,female
reece,male
benedicte,female
ewout,male
amos,male
lowie,male
zoé,female
benny,male
niki,female
merijn,male
blaise,male
mathis,male
salomé,female
chandan,male
ignace,male
gertjan,male
joep,male
gill,female
shari,female
moos,male
zlata,female
kester,male
said,male
klaas,male
brendon,male
roald,male
van,male
lloyd,male
géraldine,female
anouar,male
aeneas,male
gerton,male
sultan,male
ekaterina,female
alastair,male
norris,male
yonatan,male
jessi,female
lev,male
mathijs,male
harald,male
artin,male
ky,male
sumit,male
frans,male
zia,male
aneesh,male
srini,male
shahzad,male
flaviu,male
tania,female
villu,male
dale,male
lazar,male
kat,female
carel,male
keiran,male
ren,male
derry,male
millie,female
metin,male
benji,male
anatoliy,male
henning,male
meinhard,male
darrin,male
manjit,female
colby,male
aylin,female
bahman,male
edzard,male
arnon,male
aviv,male
gilbert,male
helga,female
deepti,female
didrik,male
emilian,male
loubna,female
ger,male
merilee,female
mikala,female
matthäus,male
agnar,male
povl,male
ignat,male
pavlos,male
vinnie,male
alen,male
tao,male
becky,female
ashok,male
petko,male
ioana,female
iuliana,female
janet,female
spartak,male
bodil,female
dee,female
eirini,female
nikolajs,male
răzvan,male
antti,male
martti,male
marianne,female
tal,male
terrie,female
arie,male
timofey,male
hardev,male
elaina,female
zeev,male
jak,male
halvor,male
sabīne,female
merlin,male
rod,male
javed,male
yacob,male
geraint,male
amr,male
anwar,male
hadi,male
naveed,male
lata,female
hal,male
milenko,male
rinalds,male
kfir,male
roxanne,female
kerri,female
vladimira,female
darri,female
ziad,male
shozo,male
si,male
sohrab,male
zamir,male
arti,female
kapil,male
fotini,female
nell,female
collin,male
onur,male
nicky,female
maurits,male
ronny,male
florinel,male
armine,female
deon,male
fionn,male
josipa,female
janne,female
rosario,female
vincenz,male
nicklas,male
dru,male
jussi,male
lorraine,female
fergal,male
huw,male
darrel,male
pankaj,male
oszkár,male
troels,male
ella,female
ebony,female
sherman,male
sherry,female
martha,female
sally,female
joseba,male
yvette,female
makoto,male
sagar,male
fiachra,male
raushan,male
talgat,male
casey,male
benedict,male
napoleon,male
kev,male
buford,male
joelle,female
ondrej,male
matúš,male
donal,male
ján,male
barbora,female
radoslav,male
katarina,female
tomáš,male
dzianis,male
art,male
hiroki,male
masha,female
sankar,male
sheetal,female
uzay,male
herman,male
leona,female
reshma,female
arnas,male
kalie,female
sebastjan,male
rocky,male
gautam,male
eldar,male
markko,male
asi,male
corbin,male
debbie,female
riley,male
rikke,female
cally,female
ned,male
joycelyn,female
mathilda,female
olli,male
suhayl,male
bevan,male
bethany,female
azmat,male
eoghan,male
alister,male
aurelie,female
juliana,female
jemma,female
stafford,male
rogan,male
prakash,male
vikas,male
rowena,female
son,male
gawain,male
ming,male
imogen,female
steen,male
orlin,male
ciprian,male
donna,female
percy,male
jermaine,male
mariam,female
steffan,male
michaela,female
mariko,female
masatomo,male
masayuki,male
takuya,male
sagi,male
horia,female
håkon,male
qamar,male
viktoras,male
drummond,male
som,male
thai,male
taneli,male
sanjeev,male
milovan,male
alick,male
seena,female
subramanian,male
narinder,male
janar,female
yrjö,male
brooke,female
ghalib,male
joram,male
tine,female
zan,male
nektarios,male
dante,male
attilio,male
dawn,female
ramy,male
rowland,male
eldon,male
moris,male
ziyad,male
zach,male
facundo,male
gennady,male
lander,male
tod,male
kern,male
remo,male
logan,male
sheldon,male
rong,female
barrett,male
ganesh,male
brittney,female
blaine,male
sian,female
tracy,female
vivienne,female
piers,male
shadia,female
werner,male
aly,male
clemens,male
domagoj,male
klaudius,male
wladimir,male
gerd,male
gert,male
theresa,female
berend,male
shawn,male
travis,male
hasib,male
janice,female
helmut,male
leroy,male
rostyslav,male
sead,male
benni,male
rainhard,male
jodok,male
ahmad,male
borisav,male
horst,male
wernhard,male
søren,male
arnim,male
jakobus,male
cécile,female
wieland,male
dijana,female
nikolaus,male
catherina,female
eberhard,male
christof,male
bettina,female
ajmal,male
aytekin,male
berthold,male
katharina,female
baher,male
makram,male
thaddäus,male
hossam,male
haymo,male
codin,male
helene,female
sabine,female
klemens,male
masoud,male
reinmar,male
sonny,male
leonhard,male
cynthia,female
agris,male
toms,male
mihails,male
raimonds,male
vadims,male
ēriks,male
roberts,male
rolands,male
juris,male
lauma,female
kristians,male
lauris,female
arturs,male
gatis,male
kaspars,male
kristīne,female
aigars,male
krists,male
maksims,male
alfiya,female
ainars,male
giorgi,male
vakhtang,male
andrejs,male
ingars,male
alma,female
dinara,female
alise,female
alvis,male
rihards,male
vahan,male
arnis,male
artis,male
ansis,male
raivis,male
ernests,male
normunds,male
andis,male
raitis,male
ingus,male
linards,male
maris,female
oleh,male
platon,male
austin,male
vilnis,male
viesturs,male
tobie,male
thang,male
eamon,male
raouf,male
vilma,female
alisha,female
louisa,female
rasheed,male
rima,female
rania,female
tobin,male
firoz,male
natan,male
sanne,female
gonca,female
talmon,male
youri,male
widad,female
jeppe,male
vahe,male
jacqueline,female
vasiliki,female
nasir,male
liisa,female
annelise,female
cherif,male
titas,male
sanja,female
gillian,female
chung,male
gregg,male
evangeline,female
afzal,male
bethan,female
beau,male
bridget,female
taco,male
irakli,male
zak,male
kaan,male
nihat,male
adarsh,male
benita,female
mariya,female
martyna,female
ole,male
marge,female
clinton,male
gvidas,male
yin,female
fady,male
jarrod,male
merita,female
raghad,female
segundo,male
jackson,male
fahad,male
efe,male
karam,male
engin,male
shahid,male
vidmantas,male
daniil,male
elijah,male
chanel,female
ksenia,female
kent,male
talal,male
barrie,male
sunny,male
vijay,male
shireen,female
feargus,male
ranjeet,male
konstantina,female
dimitrie,male
griffin,male
julianne,female
joeri,male
levi,male
ping,female
parminder,male
gordan,male
nikolina,female
kürşat,male
cat,female
wing,male
nimrod,male
ebrahim,male
tess,female
nicolai,male
moe,male
bent,female
torquil,male
melody,female
evridiki,female
naaman,male
tamer,male
harsh,male
lenny,male
allister,male
juanita,female
rhian,female
coral,female
cliff,male
howie,male
luba,female
mansur,male
kirk,male
anni,female
trung,male
ellis,male
rufus,male
behnam,male
maha,female
alexi,male
marouane,male
ayo,male
katya,female
vicky,female
simi,female
farooq,male
maddie,female
maia,female
luciana,female
asha,female
tomos,male
hayri,male
ieva,female
yasmin,female
candice,female
udaya,male
fe,female
sheila,female
dinesh,male
shabbir,male
hayfa,female
ludmila,female
zdenek,male
benedek,male
arron,male
deniz,male
ivy,female
erfan,male
ti,male
madeleine,female
yulia,female
caitlin,female
myra,female
juliet,female
yorick,male
novella,female
prashant,male
ferry,male
til,male
charlette,female
tugay,male
rogério,male
lena,female
heinrich,male
orest,male
achim,male
hatim,male
archil,male
vasily,male
zhanna,female
inas,female
günther,male
humberto,male
torben,male
madison,female
din,male
thilo,male
hartmut,male
kajetan,male
jaakko,male
witold,male
mazen,male
cecil,male
hagen,male
lilian,female
mirosław,male
anselm,male
leopold,male
timm,male
berk,male
veronika,female
rolf,male
arseniy,male
ignaz,male
bas,male
jón,male
alimzhan,male
leonidas,male
aurel,male
ema,female
gero,male
lasse,male
srinivas,male
abdurrahman,male
maik,male
fredi,male
jendrik,male
xaver,male
slobodan,male
kenan,male
gamal,male
phillipp,male
nicolay,male
sarp,male
eike,male
frane,male
menno,male
volkan,male
emrah,male
friderike,female
faruk,male
taisia,female
jamal,male
rasa,female
monja,female
xin,female
meeri,female
miro,male
joost,male
rinaldo,male
mareile,female
christin,female
jannes,male
kazım,male
zeynep,female
marissa,female
costantino,male
aiga,female
jaclyn,female
udo,male
giang,male
markos,male
wolf,male
titus,male
phong,male
kyung,male
elizaveta,female
katja,female
jeffry,male
birgit,female
garik,male
balthasar,male
veit,male
serghei,male
korbinian,male
ilkka,male
doreen,female
daud,male
rinat,male
nikodemus,male
tina,female
bertram,male
steffi,female
stefa,female
won,male
vedrana,female
lasha,female
hayrettin,male
soner,male
hanjo,male
eckart,male
gereon,male
halil,male
amel,female
quirin,male
dietmar,male
günter,male
arvid,male
hamed,male
peer,male
normann,male
franci,female
saqib,male
gerhard,male
ludolf,male
valerian,male
yasser,male
melchior,male
selim,male
gerrit,male
raik,male
hossain,male
elmar,male
orhan,male
lele,male
janina,female
armend,male
angelica,female
lutz,male
swen,male
uwe,male
hilko,male
henner,male
gesche,female
franka,female
jörn,male
liviu,male
aimie,female
juliane,female
tassilo,male
jonah,male
hubertus,male
storm,male
anika,female
hanspeter,male
love,female
antje,female
bijan,male
wendelin,male
nele,female
meike,female
khai,male
enes,male
neven,female
izabela,female
siegfried,male
gerwin,male
oded,male
friedhelm,male
başar,male
york,male
nicolaj,male
dietrich,male
shirin,female
mai,female
sinja,female
davor,male
stav,female
tilo,male
elaine,female
kellie,female
vlatko,male
ríona,female
maeve,female
pat,male
colum,male
ciara,female
dorothy,female
tilman,male
denver,male
aubrey,male
vance,male
artavazd,male
devan,male
eimear,female
rhona,female
fidelma,female
cathal,male
clodagh,female
feargal,male
anthi,female
eileen,female
shalom,male
shana,female
derya,female
jacqui,female
galen,male
brenda,female
alvan,male
colm,male
conall,male
leopoldo,male
siobhan,female
aonghus,male
lizzy,female
oisin,male
erico,male
rashad,male
lucinda,female
enda,female
áine,female
breffney,female
santina,female
sonya,female
seamus,male
triona,female
aine,female
nusrat,female
hilary,female
ender,male
avril,female
tadhg,male
alanna,female
arto,male
daan,male
desmond,male
anjanette,female
corey,male
trish,female
aoibheann,female
emer,female
cathy,female
fionnuala,female
klemen,male
petteri,male
kuan,male
mikko,male
maija,female
eerik,male
riku,male
juhani,male
miki,male
oskari,male
hannu,male
jyrki,male
nilay,female
antero,male
perttu,male
vesa,female
esa,male
karita,female
santtu,male
tuomo,male
himadri,male
rudi,male
kari,female
asser,male
valtteri,male
kjartan,male
reynir,male
jonne,male
iiro,male
jyri,male
sauli,male
juho,male
juuso,male
sakari,male
joni,female
jari,male
verneri,male
anssi,male
annu,female
tero,male
pekka,male
aaro,male
aarni,male
akseli,male
suvi,female
petro,male
pasi,male
harri,male
esko,male
severi,male
pertti,male
tuure,male
tatu,male
sampo,male
serhii,male
visa,male
virpi,female
atte,male
jouni,male
tage,male
topi,male
nelli,female
teppo,male
kustaa,male
elli,female
noora,female
inka,female
roope,male
tapani,male
mauri,male
aku,male
tyko,male
henna,female
ilari,male
sini,female
lassi,male
riitta,female
jouko,male
chu,male
meri,female
samuli,male
aino,female
sari,female
kaius,male
kaarlo,male
raimo,male
yevgeni,male
samu,male
makenna,female
jasmin,female
tuukka,male
ye,male
shahab,male
eemil,male
seppo,male
jami,female
pauli,female
paulus,male
saara,female
ossi,male
reetta,female
tytti,female
osama,male
jorma,male
oona,female
panu,male
edvard,male
miikka,male
minna,female
linh,female
milla,female
tatsiana,female
tapio,male
saija,female
hillar,male
anri,male
jere,male
sevan,male
anu,female
eetu,male
armas,male
sirkku,female
arja,female
ismo,male
annina,female
marika,female
joona,male
sverre,male
konsta,male
olesja,female
mervi,female
teuvo,male
pietari,male
cami,female
jarmo,male
päivi,female
petja,male
courtney,female
duc,male
sandijs,male
emmi,female
val,female
aatu,male
piritta,female
toivo,male
saturnin,male
neill,male
reiner,male
aren,male
eray,male
timon,male
hung,male
satya,male
bosse,male
aiko,female
josu,male
kimberly,female
catalina,female
reem,female
franziskus,male
naja,female
konstanze,female
zeeshan,male
ilir,male
clifford,male
friso,male
lilia,female
tatyana,female
pit,male
seun,male
florine,female
carolin,female
ehud,male
inga,female
trinh,female
prasad,male
bahadır,male
bertold,male
philippo,male
tano,male
kamile,female
arielle,female
mutlu,male
han,male
ilie,male
jona,male
karlheinz,male
kornelius,male
jes,male
levin,male
nam,male
jakov,male
vitalij,male
birte,female
tekin,male
stefanie,female
afsaneh,female
anke,female
claas,male
lama,female
yukio,male
heiki,male
jannick,male
annik,female
ansgar,male
vigen,male
marlena,female
konradin,male
kağan,male
şükrü,male
tobia,male
vidya,female
bowen,male
rouven,male
raz,male
tamar,female
iven,male
dat,male
henrike,female
peggy,female
joko,male
rupprecht,male
neele,female
dubravko,male
bjarne,male
adham,male
steinunn,female
erhard,male
evgeniya,female
thiemo,male
fevzi,male
madjid,male
toine,male
zeyad,male
josha,male
anatol,male
priska,female
aljoscha,male
arkadi,male
rino,male
benito,male
andrija,male
maël,male
trent,male
hanns,male
pan,male
raffaela,female
tanner,male
crina,female
isam,male
osnat,female
kolja,male
amina,female
bela,female
detlef,male
burckhardt,male
sudarshan,male
heigo,male
teet,male
gwydion,male
kathrin,female
maja,female
manouchehr,male
tung,male
kornelia,female
susann,female
trine,female
kirsten,female
ingolf,male
gaylord,male
heino,male
tu,female
gernot,male
schuyler,male
romano,male
ramin,male
gen,male
noah,male
donata,female
lennard,male
anatoli,male
wilken,male
adalbert,male
hauke,male
isabeau,female
skye,female
corin,female
ognjen,male
boje,male
arnd,male
feliks,male
matan,male
christiane,female
lenard,male
silviu,male
falk,male
eiko,female
merle,female
désirée,female
friedemann,male
annegret,female
binh,male
sylvia,female
kiana,female
dorothea,female
remco,male
hou,male
gerhardt,male
arndt,male
fleur,female
ota,male
fried,male
wencke,female
henrich,male
madhu,male
micha,male
helge,male
jorrit,male
wesam,male
orkhan,male
igli,male
taner,male
hakob,male
dong,male
sardar,male
afshin,male
josua,male
laurids,male
khurram,male
cari,female
branko,male
fabiola,female
grigory,male
enver,male
larissa,female
celina,female
ceyhun,male
thies,male
vasilije,male
maike,female
raafat,male
heike,female
evgenii,male
riza,female
ute,female
archibald,male
fridolin,male
immo,male
gesa,female
hamdi,male
eren,male
miloš,male
friederike,female
cain,male
wenzel,male
eldad,male
ortwin,male
patty,female
bledion,male
sherzod,male
shailendra,male
thanh,male
silke,female
aleksa,male
jegor,male
hardy,male
magomed,male
constanze,female
hesham,male
isabell,female
berenike,female
mirco,male
joann,female
robb,male
hady,male
alwin,male
gunter,male
montgomery,male
brandon,male
kennedy,male
gunjan,female
yunus,male
qian,male
marla,female
sharif,male
laurenz,male
emin,male
hemant,male
faheem,male
ignatz,male
marilena,female
gennadi,male
steph,female
abdallah,male
tommie,male
mason,male
yaseen,male
toma,male
tonia,female
niv,male
sefi,male
ehsan,male
anastasija,female
ynon,male
satnam,male
krista,female
grega,male
claudine,female
viet,male
aliaksandr,male
altynay,female
blagovesta,female
floris,male
ruggiero,male
mücahit,male
frances,female
yoni,male
servet,male
vitus,male
meera,female
des,male
henryk,male
anjana,female
erinç,male
matthijs,male
freek,male
joyce,female
pavlina,female
ewoud,male
anca,female
mateus,male
job,male
krijn,male
pim,male
zaid,male
rien,male
uma,female
egbert,male
cengiz,male
sjoerd,male
corjan,male
derk,male
charl,male
marijn,male
maximiliano,male
niek,male
luuk,male
ives,male
camiel,male
filemon,male
merel,female
yasir,male
alpcan,male
dinko,male
théodore,male
zviad,male
marinus,male
abhilasha,female
wilko,male
boudewijn,male
jochem,male
wisse,male
allard,male
coen,male
evelien,female
arjan,male
marieke,female
elvire,female
harro,male
madelon,female
bernadette,female
stine,female
avishai,male
boy,male
guus,male
cassandra,female
mels,male
rosalie,female
aswin,male
marnix,male
jolita,female
kees,male
poul,male
garrelt,male
jurre,male
wil,male
zoi,female
lotte,female
eelke,male
jur,male
floor,female
annemarie,female
reinout,male
karolin,female
anniek,female
indra,male
dorus,male
elmer,male
ignazio,male
coenraad,male
jort,male
rodger,male
kalina,female
jolanda,female
stef,male
mik,male
madalin,male
roxana,female
arzu,female
sadi,male
aad,male
mitsugu,male
valer,male
gauti,male
frido,male
jelmer,male
ru,male
ģirts,male
marcella,female
loren,female
teun,male
hermen,male
sjors,male
amé,female
sjaak,male
aart,male
hidde,male
jurrian,male
emiliyan,male
aquiles,male
willemijn,female
myrthe,female
eveline,female
rogier,male
onno,male
joppe,male
reinier,male
arjen,male
rianne,female
burton,male
svetlana,female
karlijn,female
luud,male
daniël,male
rense,male
artúr,male
harmen,male
ard,male
eelco,male
saulo,male
tomaž,male
emiel,male
geta,female
candace,female
rachid,male
bastiaan,male
gui,male
kyrill,male
sonali,female
valentijn,male
lon,male
hanneke,female
wang,male
anjo,male
hein,male
merlijn,male
jeannot,male
tjerk,male
nerina,female
to,male
ferdi,male
raimondas,male
dick,male
jetze,male
servan,male
elger,male
zlatan,male
dulce,female
nadja,female
yani,female
roemer,male
huib,male
douwe,male
marleen,female
wilbert,male
diederik,male
asbjørn,male
phuong,female
jop,male
jordie,male
vlastimil,male
zdenko,male
nurlan,male
štěpán,male
jiří,male
amjad,male
zenon,male
vladimír,male
radim,male
johana,female
jirka,male
vojtech,male
ondřej,male
vanda,female
lenka,female
vita,female
hynek,male
vítězslav,male
stepan,male
nela,female
viliam,male
radka,female
manny,male
alyn,male
asif,male
parvez,male
danai,female
lily,female
gurjit,male
erkan,male
amal,female
salina,female
asad,male
octavian,male
paige,female
anushka,female
baki,male
dimos,male
çağdaş,male
tyson,male
ajit,male
gopal,male
anupam,male
elio,male
yogesh,male
jacoby,male
thanasis,male
barış,male
debi,female
siva,male
suzy,female
ai,female
davey,male
rupa,female
amelia,female
harvinder,male
anar,male
marisa,female
davis,male
ihor,male
marit,female
vilhelm,male
even,male
vegard,male
thorvald,male
bård,male
stig,male
børge,male
sigbjørn,male
eirik,male
øyvind,male
trond,male
arve,male
hilde,female
atle,male
lorea,female
aslan,male
ulrikke,female
zeno,male
yngve,male
christel,female
trygve,male
audun,male
sigurd,male
isak,male
aksel,male
gard,male
stein,male
kristine,female
sindre,male
frode,male
gillean,female
snorre,male
hege,female
reinold,male
bjørn,male
jarle,male
eigil,male
kjetil,male
jostein,male
kaye,female
olav,male
lise,female
svein,male
geir,male
odd,male
tyrone,male
kyrre,male
annemie,female
hallvard,male
vilde,female
angie,female
stian,male
lillian,female
anastasiya,female
arild,male
israr,male
sjur,male
flavie,female
bjørnar,male
rune,male
ap,male
odeta,female
emmy,female
predrag,male
åsmund,male
anette,female
houssam,male
steinar,male
åste,female
brieuc,male
haakon,male
moina,female
åsgeir,male
hogne,male
runar,male
asle,male
ketil,male
esben,male
torbjørn,male
yngvi,male
cathrine,female
bjarke,male
benedikte,female
andrian,male
hélio,male
anker,male
vasilij,male
gerit,male
ejner,male
ling,female
line,female
ritu,female
sune,male
ami,female
kamran,male
habib,male
hussam,male
sage,male
louie,male
hoa,female
kean,male
nicki,female
ziv,male
sahra,female
malene,female
deividas,male
jasenko,male
mickey,male
mie,female
ebbe,male
wulf,male
vilmer,male
jie,male
nauris,male
maximillian,male
bibi,female
ervin,male
keenan,male
jenifer,female
pil,male
jamila,female
eske,female
iuliu,male
micki,female
pernille,female
loredana,female
cecilie,female
jarl,male
teis,male
dorin,male
ranveig,female
tegan,female
theis,male
toke,male
babar,male
janus,male
solveig,female
thorkild,male
ib,male
maayan,female
naamah,female
regnar,male
knud,male
hasse,male
palle,male
mogens,male
kaare,male
ture,male
adelio,male
katrine,female
sava,male
kári,male
gulnaz,female
jørn,male
frederikke,female
ragnvald,male
ulla,female
asger,male
dilan,male
omri,male
vsevolod,male
tijl,male
barend,male
séamus,male
anouk,female
doeke,male
remon,male
devon,male
harm,male
ferhat,male
berkay,male
marten,male
tijmen,male
dwayne,male
faris,male
galip,male
gerben,male
buster,male
sako,male
rens,male
esra,female
nir,male
jef,male
jai,male
nara,female
shani,female
ora,female
elianne,female
sinem,female
basem,male
bartel,male
jed,male
perry,male
dennie,male
bao,male
heleen,female
nan,female
,
